[{"model": "wagtailcore.site", "pk": 1, "fields": {"hostname": "localhost", "port": 80, "site_name": "Open Collectivités", "root_page": 4, "is_default_site": true}}, {"model": "wagtailcore.collection", "pk": 1, "fields": {"path": "0001", "depth": 1, "numchild": 1, "name": "Root"}}, {"model": "wagtailcore.collection", "pk": 2, "fields": {"path": "00010001", "depth": 2, "numchild": 0, "name": "Undraw"}}, {"model": "wagtailcore.groupcollectionpermission", "pk": 1, "fields": {"group": 1, "collection": 1, "permission": 466}}, {"model": "wagtailcore.groupcollectionpermission", "pk": 2, "fields": {"group": 2, "collection": 1, "permission": 466}}, {"model": "wagtailcore.groupcollectionpermission", "pk": 3, "fields": {"group": 1, "collection": 1, "permission": 467}}, {"model": "wagtailcore.groupcollectionpermission", "pk": 4, "fields": {"group": 2, "collection": 1, "permission": 467}}, {"model": "wagtailcore.groupcollectionpermission", "pk": 5, "fields": {"group": 1, "collection": 1, "permission": 469}}, {"model": "wagtailcore.groupcollectionpermission", "pk": 6, "fields": {"group": 2, "collection": 1, "permission": 469}}, {"model": "wagtailcore.groupcollectionpermission", "pk": 7, "fields": {"group": 1, "collection": 1, "permission": 470}}, {"model": "wagtailcore.groupcollectionpermission", "pk": 8, "fields": {"group": 2, "collection": 1, "permission": 470}}, {"model": "wagtailcore.groupcollectionpermission", "pk": 9, "fields": {"group": 1, "collection": 1, "permission": 471}}, {"model": "wagtailcore.groupcollectionpermission", "pk": 10, "fields": {"group": 2, "collection": 1, "permission": 471}}, {"model": "wagtailcore.groupcollectionpermission", "pk": 11, "fields": {"group": 1, "collection": 1, "permission": 473}}, {"model": "wagtailcore.groupcollectionpermission", "pk": 12, "fields": {"group": 2, "collection": 1, "permission": 473}}, {"model": "wagtailcore.locale", "pk": 1, "fields": {"language_code": "fr"}}, {"model": "wagtailcore.page", "pk": 1, "fields": {"path": "0001", "depth": 1, "numchild": 1, "translation_key": "016e03be-8995-413b-bfef-a00ea064ed3b", "locale": 1, "title": "Root", "draft_title": "Root", "slug": "root", "content_type": 117, "live": true, "has_unpublished_changes": false, "url_path": "/", "owner": null, "seo_title": "", "show_in_menus": false, "search_description": "", "go_live_at": null, "expire_at": null, "expired": false, "locked": false, "locked_at": null, "locked_by": null, "first_published_at": null, "last_published_at": null, "latest_revision_created_at": null, "live_revision": null, "alias_of": null}}, {"model": "wagtailcore.page", "pk": 4, "fields": {"path": "00010003", "depth": 2, "numchild": 3, "translation_key": "2f5f8c19-0d8d-4d62-819c-d6c633b342c1", "locale": 1, "title": "Accueil", "draft_title": "Accueil", "slug": "index", "content_type": 154, "live": true, "has_unpublished_changes": false, "url_path": "/index/", "owner": 1, "seo_title": "", "show_in_menus": false, "search_description": "", "go_live_at": null, "expire_at": null, "expired": false, "locked": false, "locked_at": null, "locked_by": null, "first_published_at": "2021-08-18T09:55:54.246Z", "last_published_at": "2021-08-18T14:15:53.056Z", "latest_revision_created_at": "2021-08-18T14:15:53.020Z", "live_revision": 15, "alias_of": null}}, {"model": "wagtailcore.page", "pk": 5, "fields": {"path": "000100030001", "depth": 3, "numchild": 0, "translation_key": "fbf3d939-bfe9-43a8-bf6c-979fb1b21976", "locale": 1, "title": "Déclaration d’accessibilité", "draft_title": "Déclaration d’accessibilité", "slug": "accessibilite", "content_type": 155, "live": true, "has_unpublished_changes": false, "url_path": "/index/accessibilite/", "owner": 1, "seo_title": "", "show_in_menus": false, "search_description": "", "go_live_at": null, "expire_at": null, "expired": false, "locked": false, "locked_at": null, "locked_by": null, "first_published_at": "2021-08-18T12:30:20.730Z", "last_published_at": "2021-08-18T13:28:17.256Z", "latest_revision_created_at": "2021-08-18T13:28:17.230Z", "live_revision": 14, "alias_of": null}}, {"model": "wagtailcore.page", "pk": 6, "fields": {"path": "000100030002", "depth": 3, "numchild": 0, "translation_key": "79338331-ff78-4c1c-822d-c70a93d48417", "locale": 1, "title": "Mentions légales", "draft_title": "Mentions légales", "slug": "mentions-legales", "content_type": 155, "live": true, "has_unpublished_changes": false, "url_path": "/index/mentions-legales/", "owner": 1, "seo_title": "", "show_in_menus": false, "search_description": "", "go_live_at": null, "expire_at": null, "expired": false, "locked": false, "locked_at": null, "locked_by": null, "first_published_at": "2021-08-18T12:43:23.209Z", "last_published_at": "2021-08-18T13:04:49.507Z", "latest_revision_created_at": "2021-08-18T13:04:49.480Z", "live_revision": 11, "alias_of": null}}, {"model": "wagtailcore.page", "pk": 7, "fields": {"path": "000100030003", "depth": 3, "numchild": 2, "translation_key": "4c65dbb4-ce1f-405f-b596-84a2f36ab8ba", "locale": 1, "title": "Documentation", "draft_title": "Documentation", "slug": "documentation", "content_type": 155, "live": true, "has_unpublished_changes": false, "url_path": "/index/documentation/", "owner": 1, "seo_title": "", "show_in_menus": false, "search_description": "", "go_live_at": null, "expire_at": null, "expired": false, "locked": false, "locked_at": null, "locked_by": null, "first_published_at": "2021-08-18T14:21:02.943Z", "last_published_at": "2021-08-18T14:21:02.943Z", "latest_revision_created_at": "2021-08-18T14:21:02.919Z", "live_revision": 19, "alias_of": null}}, {"model": "wagtailcore.page", "pk": 8, "fields": {"path": "0001000300030001", "depth": 4, "numchild": 0, "translation_key": "6fcc5edb-2fb9-44b6-8eb6-0749dccc830b", "locale": 1, "title": "Page de documentation numéro 1", "draft_title": "Page de documentation numéro 1", "slug": "page-de-documentation-numéro-1", "content_type": 155, "live": true, "has_unpublished_changes": false, "url_path": "/index/documentation/page-de-documentation-numéro-1/", "owner": 1, "seo_title": "", "show_in_menus": false, "search_description": "", "go_live_at": null, "expire_at": null, "expired": false, "locked": false, "locked_at": null, "locked_by": null, "first_published_at": "2021-08-18T14:17:44.281Z", "last_published_at": "2021-08-18T14:27:18.251Z", "latest_revision_created_at": "2021-08-18T14:27:18.224Z", "live_revision": 21, "alias_of": null}}, {"model": "wagtailcore.page", "pk": 9, "fields": {"path": "0001000300030002", "depth": 4, "numchild": 1, "translation_key": "eafa362b-9f60-426a-9b7a-f86dd3b54801", "locale": 1, "title": "Documentation interne", "draft_title": "Documentation interne", "slug": "documentation-interne", "content_type": 155, "live": true, "has_unpublished_changes": false, "url_path": "/index/documentation/documentation-interne/", "owner": 1, "seo_title": "", "show_in_menus": false, "search_description": "", "go_live_at": null, "expire_at": null, "expired": false, "locked": false, "locked_at": null, "locked_by": null, "first_published_at": "2021-08-18T14:19:02.030Z", "last_published_at": "2021-08-18T14:33:03.924Z", "latest_revision_created_at": "2021-08-18T14:33:03.896Z", "live_revision": 25, "alias_of": null}}, {"model": "wagtailcore.page", "pk": 11, "fields": {"path": "00010003000300020001", "depth": 5, "numchild": 0, "translation_key": "f581c7fb-8832-4b94-aa3c-ee9bb03cb7e0", "locale": 1, "title": "Ceci est une page de documentation interne", "draft_title": "Ceci est une page de documentation interne", "slug": "ceci-est-une-page-de-documentation-interne", "content_type": 155, "live": true, "has_unpublished_changes": false, "url_path": "/index/documentation/documentation-interne/ceci-est-une-page-de-documentation-interne/", "owner": 1, "seo_title": "", "show_in_menus": false, "search_description": "", "go_live_at": null, "expire_at": null, "expired": false, "locked": false, "locked_at": null, "locked_by": null, "first_published_at": "2021-08-18T14:31:02.533Z", "last_published_at": "2021-08-18T14:31:02.533Z", "latest_revision_created_at": "2021-08-18T14:31:02.509Z", "live_revision": 24, "alias_of": null}}, {"model": "wagtailcore.pagerevision", "pk": 5, "fields": {"page": 4, "submitted_for_moderation": false, "created_at": "2021-08-18T09:54:25.683Z", "user": 1, "content_json": "{\"pk\": 4, \"path\": \"00010003\", \"depth\": 2, \"numchild\": 0, \"translation_key\": \"2f5f8c19-0d8d-4d62-819c-d6c633b342c1\", \"locale\": 1, \"title\": \"Index\", \"draft_title\": \"Index\", \"slug\": \"index\", \"content_type\": 154, \"live\": false, \"has_unpublished_changes\": false, \"url_path\": \"/index/\", \"owner\": 1, \"seo_title\": \"\", \"show_in_menus\": false, \"search_description\": \"\", \"go_live_at\": null, \"expire_at\": null, \"expired\": false, \"locked\": false, \"locked_at\": null, \"locked_by\": null, \"first_published_at\": null, \"last_published_at\": null, \"latest_revision_created_at\": null, \"live_revision\": null, \"alias_of\": null, \"body\": \"[{\\\"type\\\": \\\"section_with_image\\\", \\\"value\\\": {\\\"title\\\": \\\"Open Collectivit\\\\u00e9s : qu\\\\u2019est-ce que c\\\\u2019est ?\\\", \\\"text\\\": \\\"<p data-block-key=\\\\\\\"9rcs8\\\\\\\">Un portail qui rassemble des informations statistiques sur les collectivit\\\\u00e9s locales.</p><p data-block-key=\\\\\\\"fuhln\\\\\\\">On peut y trouver :</p><ul><li data-block-key=\\\\\\\"ec9cm\\\\\\\">des publications statistiques, souvent accompagn\\\\u00e9es des donn\\\\u00e9es sources,</li><li data-block-key=\\\\\\\"2fgdn\\\\\\\">des jeux de donn\\\\u00e9es en open data,</li><li data-block-key=\\\\\\\"9hqd6\\\\\\\">des outils pratiques s\\\\u2019adressant aux \\\\u00e9quipes travaillant en collectivit\\\\u00e9s locales.</li></ul>\\\", \\\"image_position\\\": \\\"right\\\", \\\"image\\\": 1}, \\\"id\\\": \\\"eac1baf9-f8d6-434f-baa4-a7c8edadbcde\\\"}, {\\\"type\\\": \\\"section_with_image\\\", \\\"value\\\": {\\\"title\\\": \\\"Pour les mairies, intercommunalit\\\\u00e9s, d\\\\u00e9partements ou r\\\\u00e9gions\\\", \\\"text\\\": \\\"<p data-block-key=\\\\\\\"9rcs8\\\\\\\">Trouvez les donn\\\\u00e9es vous concernant et situez-vous par rapport aux autres territoires.</p><p data-block-key=\\\\\\\"2fpv4\\\\\\\">Pour, par exemple :</p><ul><li data-block-key=\\\\\\\"8k9bo\\\\\\\">Vous aider dans la pr\\\\u00e9paration budg\\\\u00e9taire de votre commune.</li><li data-block-key=\\\\\\\"erqd0\\\\\\\">Vous pr\\\\u00e9senter des donn\\\\u00e9es de contexte socio-\\\\u00e9conomiques sur  votre collectivit\\\\u00e9 et vous situer par rapport \\\\u00e0 des communes  comparables.</li><li data-block-key=\\\\\\\"2gp0n\\\\\\\">Vous accompagner dans la r\\\\u00e9daction de rapports.</li><li data-block-key=\\\\\\\"6qs52\\\\\\\">Vous faire conna\\\\u00eetre des outils pratiques utiles dans l\\\\u2019exercice de vos fonctions (guide du maire, aides aux territoires\\\\u2026).</li></ul><p data-block-key=\\\\\\\"7oqup\\\\\\\">Le tout gratuitement, en s\\\\u2019appuyant sur des donn\\\\u00e9es fiables.</p>\\\", \\\"image_position\\\": \\\"left\\\", \\\"image\\\": 2}, \\\"id\\\": \\\"078c8d30-93b5-4ee2-b96c-ef8b872d43d8\\\"}, {\\\"type\\\": \\\"section_with_image\\\", \\\"value\\\": {\\\"title\\\": \\\"Pour les citoyens, journalistes ou chercheurs\\\", \\\"text\\\": \\\"<p data-block-key=\\\\\\\"9rcs8\\\\\\\">Trouvez facilement toutes les donn\\\\u00e9es locales sur diverses th\\\\u00e9matiques.</p><p data-block-key=\\\\\\\"7laas\\\\\\\">Pour, par exemple :</p><ul><li data-block-key=\\\\\\\"9ck0a\\\\\\\">Vous aider \\\\u00e0 consulter les informations relatives \\\\u00e0 votre collectivit\\\\u00e9 en toute transparence.</li><li data-block-key=\\\\\\\"b70d7\\\\\\\">Vous accompagner dans la r\\\\u00e9daction d\\\\u2019articles journalistiques ou \\\\u00e9tudes.</li></ul><p data-block-key=\\\\\\\"2fr0m\\\\\\\">Sur diff\\\\u00e9rentes th\\\\u00e9matiques : donn\\\\u00e9es socio-\\\\u00e9conomiques,  culture, \\\\u00e9ducation, d\\\\u00e9veloppement durable, emploi, fonction publique  territoriale, budget, sant\\\\u00e9, social, parit\\\\u00e9, s\\\\u00e9curit\\\\u00e9\\\\u2026</p>\\\", \\\"image_position\\\": \\\"right\\\", \\\"image\\\": 3}, \\\"id\\\": \\\"ab8897e7-02c5-4b56-ad76-ccf393b5e321\\\"}]\", \"comments\": []}", "approved_go_live_at": null}}, {"model": "wagtailcore.pagerevision", "pk": 6, "fields": {"page": 4, "submitted_for_moderation": false, "created_at": "2021-08-18T09:55:54.218Z", "user": 1, "content_json": "{\"pk\": 4, \"path\": \"00010003\", \"depth\": 2, \"numchild\": 0, \"translation_key\": \"2f5f8c19-0d8d-4d62-819c-d6c633b342c1\", \"locale\": 1, \"title\": \"Index\", \"draft_title\": \"Index\", \"slug\": \"index\", \"content_type\": 154, \"live\": false, \"has_unpublished_changes\": true, \"url_path\": \"/index/\", \"owner\": 1, \"seo_title\": \"\", \"show_in_menus\": false, \"search_description\": \"\", \"go_live_at\": null, \"expire_at\": null, \"expired\": false, \"locked\": false, \"locked_at\": null, \"locked_by\": null, \"first_published_at\": null, \"last_published_at\": null, \"latest_revision_created_at\": \"2021-08-18T09:54:25.683Z\", \"live_revision\": null, \"alias_of\": null, \"body\": \"[{\\\"type\\\": \\\"section_with_image\\\", \\\"value\\\": {\\\"title\\\": \\\"Open Collectivit\\\\u00e9s : qu\\\\u2019est-ce que c\\\\u2019est ?\\\", \\\"text\\\": \\\"<p data-block-key=\\\\\\\"9rcs8\\\\\\\">Un portail qui rassemble des informations statistiques sur les collectivit\\\\u00e9s locales.</p><p data-block-key=\\\\\\\"fuhln\\\\\\\">On peut y trouver :</p><ul><li data-block-key=\\\\\\\"ec9cm\\\\\\\">des publications statistiques, souvent accompagn\\\\u00e9es des donn\\\\u00e9es sources,</li><li data-block-key=\\\\\\\"2fgdn\\\\\\\">des jeux de donn\\\\u00e9es en open data,</li><li data-block-key=\\\\\\\"9hqd6\\\\\\\">des outils pratiques s\\\\u2019adressant aux \\\\u00e9quipes travaillant en collectivit\\\\u00e9s locales.</li></ul>\\\", \\\"image_position\\\": \\\"right\\\", \\\"image\\\": 1}, \\\"id\\\": \\\"eac1baf9-f8d6-434f-baa4-a7c8edadbcde\\\"}, {\\\"type\\\": \\\"section_with_image\\\", \\\"value\\\": {\\\"title\\\": \\\"Pour les mairies, intercommunalit\\\\u00e9s, d\\\\u00e9partements ou r\\\\u00e9gions\\\", \\\"text\\\": \\\"<p data-block-key=\\\\\\\"9rcs8\\\\\\\">Trouvez les donn\\\\u00e9es vous concernant et situez-vous par rapport aux autres territoires.</p><p data-block-key=\\\\\\\"2fpv4\\\\\\\">Pour, par exemple :</p><ul><li data-block-key=\\\\\\\"8k9bo\\\\\\\">Vous aider dans la pr\\\\u00e9paration budg\\\\u00e9taire de votre commune.</li><li data-block-key=\\\\\\\"erqd0\\\\\\\">Vous pr\\\\u00e9senter des donn\\\\u00e9es de contexte socio-\\\\u00e9conomiques sur votre collectivit\\\\u00e9 et vous situer par rapport \\\\u00e0 des communes comparables.</li><li data-block-key=\\\\\\\"2gp0n\\\\\\\">Vous accompagner dans la r\\\\u00e9daction de rapports.</li><li data-block-key=\\\\\\\"6qs52\\\\\\\">Vous faire conna\\\\u00eetre des outils pratiques utiles dans l\\\\u2019exercice de vos fonctions (guide du maire, aides aux territoires\\\\u2026).</li></ul><p data-block-key=\\\\\\\"7oqup\\\\\\\">Le tout gratuitement, en s\\\\u2019appuyant sur des donn\\\\u00e9es fiables.</p>\\\", \\\"image_position\\\": \\\"left\\\", \\\"image\\\": 2}, \\\"id\\\": \\\"078c8d30-93b5-4ee2-b96c-ef8b872d43d8\\\"}, {\\\"type\\\": \\\"section_with_image\\\", \\\"value\\\": {\\\"title\\\": \\\"Pour les citoyens, journalistes ou chercheurs\\\", \\\"text\\\": \\\"<p data-block-key=\\\\\\\"9rcs8\\\\\\\">Trouvez facilement toutes les donn\\\\u00e9es locales sur diverses th\\\\u00e9matiques.</p><p data-block-key=\\\\\\\"7laas\\\\\\\">Pour, par exemple :</p><ul><li data-block-key=\\\\\\\"9ck0a\\\\\\\">Vous aider \\\\u00e0 consulter les informations relatives \\\\u00e0 votre collectivit\\\\u00e9 en toute transparence.</li><li data-block-key=\\\\\\\"b70d7\\\\\\\">Vous accompagner dans la r\\\\u00e9daction d\\\\u2019articles journalistiques ou \\\\u00e9tudes.</li></ul><p data-block-key=\\\\\\\"2fr0m\\\\\\\">Sur diff\\\\u00e9rentes th\\\\u00e9matiques : donn\\\\u00e9es socio-\\\\u00e9conomiques, culture, \\\\u00e9ducation, d\\\\u00e9veloppement durable, emploi, fonction publique territoriale, budget, sant\\\\u00e9, social, parit\\\\u00e9, s\\\\u00e9curit\\\\u00e9\\\\u2026</p>\\\", \\\"image_position\\\": \\\"right\\\", \\\"image\\\": 3}, \\\"id\\\": \\\"ab8897e7-02c5-4b56-ad76-ccf393b5e321\\\"}]\", \"comments\": []}", "approved_go_live_at": null}}, {"model": "wagtailcore.pagerevision", "pk": 7, "fields": {"page": 5, "submitted_for_moderation": false, "created_at": "2021-08-18T12:30:20.703Z", "user": 1, "content_json": "{\"pk\": 5, \"path\": \"000100030001\", \"depth\": 3, \"numchild\": 0, \"translation_key\": \"fbf3d939-bfe9-43a8-bf6c-979fb1b21976\", \"locale\": 1, \"title\": \"D\\u00e9claration d\\u2019accessibilit\\u00e9\", \"draft_title\": \"D\\u00e9claration d\\u2019accessibilit\\u00e9\", \"slug\": \"accessibilit\\u00e9\", \"content_type\": 155, \"live\": true, \"has_unpublished_changes\": false, \"url_path\": \"/index/accessibilit\\u00e9/\", \"owner\": 1, \"seo_title\": \"\", \"show_in_menus\": false, \"search_description\": \"\", \"go_live_at\": null, \"expire_at\": null, \"expired\": false, \"locked\": false, \"locked_at\": null, \"locked_by\": null, \"first_published_at\": null, \"last_published_at\": null, \"latest_revision_created_at\": null, \"live_revision\": null, \"alias_of\": null, \"body\": \"[{\\\"type\\\": \\\"text\\\", \\\"value\\\": \\\"<p data-block-key=\\\\\\\"oa1vq\\\\\\\">Le Minist\\\\u00e8re de la Coh\\\\u00e9sion des territoires et des Relations avec les collectivit\\\\u00e9s territoriales s\\\\u2019engage \\\\u00e0 rendre son service accessible, conform\\\\u00e9ment \\\\u00e0 l\\\\u2019article 47 de la loi n\\\\u00b0 2005-102 du 11 f\\\\u00e9vrier 2005.     </p><p data-block-key=\\\\\\\"bhumk\\\\\\\"></p><p data-block-key=\\\\\\\"cjs8v\\\\\\\">Cette d\\\\u00e9claration d\\\\u2019accessibilit\\\\u00e9 s\\\\u2019applique \\\\u00e0 Open Collectivit\\\\u00e9s.</p><h2 data-block-key=\\\\\\\"1fme3\\\\\\\">\\\\u00c9tat de conformit\\\\u00e9</h2><p data-block-key=\\\\\\\"b04fb\\\\\\\">Open Collectivit\\\\u00e9s est <b>non conforme avec le RGAA 4.1</b>. Le site n\\\\u2019a encore pas \\\\u00e9t\\\\u00e9 audit\\\\u00e9. </p><p data-block-key=\\\\\\\"9a3sm\\\\\\\"></p><h2 data-block-key=\\\\\\\"c4r95\\\\\\\">Contenus non accessibles</h2><h2 data-block-key=\\\\\\\"djve2\\\\\\\"></h2><h2 data-block-key=\\\\\\\"67qpb\\\\\\\">\\\\u00c9tablissement de cette d\\\\u00e9claration d\\\\u2019accessibilit\\\\u00e9</h2><p data-block-key=\\\\\\\"7sdto\\\\\\\">Cette d\\\\u00e9claration a \\\\u00e9t\\\\u00e9 \\\\u00e9tablie le <b>3 mai 2021</b>.</p><p data-block-key=\\\\\\\"9pc2e\\\\\\\"></p><h3 data-block-key=\\\\\\\"9qne8\\\\\\\">Technologies utilis\\\\u00e9es</h3><p data-block-key=\\\\\\\"d2sgf\\\\\\\">L\\\\u2019accessibilit\\\\u00e9 de Open Collectivit\\\\u00e9s s\\\\u2019appuie sur les technologies suivantes :</p><ul><li data-block-key=\\\\\\\"7ojtb\\\\\\\">HTML</li><li data-block-key=\\\\\\\"88o60\\\\\\\">WAI-ARIA</li><li data-block-key=\\\\\\\"13vvm\\\\\\\">CSS</li><li data-block-key=\\\\\\\"dkog5\\\\\\\">JavaScript</li></ul><h2 data-block-key=\\\\\\\"7asgs\\\\\\\">Am\\\\u00e9lioration et contact</h2><p data-block-key=\\\\\\\"b8uu0\\\\\\\">Si vous n\\\\u2019arrivez pas \\\\u00e0 acc\\\\u00e9der \\\\u00e0 un contenu ou \\\\u00e0 un service, vous pouvez contacter le responsable d\\\\u2018Open Collectivit\\\\u00e9s pour \\\\u00eatre orient\\\\u00e9 vers une alternative accessible ou obtenir le contenu sous une autre forme.</p><ul><li data-block-key=\\\\\\\"5ld55\\\\\\\">T\\\\u00e9l\\\\u00e9phone : 01 40 07 23 80 </li><li data-block-key=\\\\\\\"7s5np\\\\\\\">E-mail : antoine1.thomas@dgcl.gouv.fr </li><li data-block-key=\\\\\\\"4ohh5\\\\\\\">Adresse : DGCL, Beauvau, 75008 PARIS </li></ul><h2 data-block-key=\\\\\\\"d7aqr\\\\\\\">Voie de recours</h2><p data-block-key=\\\\\\\"6sq27\\\\\\\">Cette proc\\\\u00e9dure est \\\\u00e0 utiliser dans le cas suivant : vous avez signal\\\\u00e9 au responsable du site internet un d\\\\u00e9faut  d\\\\u2019accessibilit\\\\u00e9 qui vous emp\\\\u00eache d\\\\u2019acc\\\\u00e9der \\\\u00e0 un contenu ou \\\\u00e0 un des services du portail et vous n\\\\u2019avez pas obtenu de r\\\\u00e9ponse satisfaisante.</p><p data-block-key=\\\\\\\"98trq\\\\\\\">Vous pouvez :</p><ul><li data-block-key=\\\\\\\"5hs64\\\\\\\">\\\\u00c9crire un message au <a href=\\\\\\\"https://formulaire.defenseurdesdroits.fr/\\\\\\\">D\\\\u00e9fenseur des droits</a></li><li data-block-key=\\\\\\\"6dpav\\\\\\\">Contacter <a href=\\\\\\\"https://www.defenseurdesdroits.fr/saisir/delegues\\\\\\\">le d\\\\u00e9l\\\\u00e9gu\\\\u00e9 du D\\\\u00e9fenseur des droits dans votre r\\\\u00e9gion</a></li><li data-block-key=\\\\\\\"5gvk0\\\\\\\">Envoyer un courrier par la poste (gratuit, ne pas mettre de timbre) :<br/>             D\\\\u00e9fenseur des droits<br/>             Libre r\\\\u00e9ponse 71120 75342 Paris CEDEX 07</li></ul><p data-block-key=\\\\\\\"70o59\\\\\\\"></p><p data-block-key=\\\\\\\"8o269\\\\\\\">Cette d\\\\u00e9claration d\\\\u2019accessibilit\\\\u00e9 a \\\\u00e9t\\\\u00e9 cr\\\\u00e9\\\\u00e9 le 3 mai 2021 gr\\\\u00e2ce au <a href=\\\\\\\"https://betagouv.github.io/a11y-generateur-declaration/#create\\\\\\\">G\\\\u00e9n\\\\u00e9rateur de D\\\\u00e9claration d\\\\u2019Accessibilit\\\\u00e9 de BetaGouv</a>.</p>\\\", \\\"id\\\": \\\"4acf2d26-13b1-4547-ae59-03877853496b\\\"}]\", \"comments\": []}", "approved_go_live_at": null}}, {"model": "wagtailcore.pagerevision", "pk": 8, "fields": {"page": 6, "submitted_for_moderation": false, "created_at": "2021-08-18T12:43:14.101Z", "user": 1, "content_json": "{\"pk\": 6, \"path\": \"000100030002\", \"depth\": 3, \"numchild\": 0, \"translation_key\": \"79338331-ff78-4c1c-822d-c70a93d48417\", \"locale\": 1, \"title\": \"Mentions l\\u00e9gales\", \"draft_title\": \"Mentions l\\u00e9gales\", \"slug\": \"mentions-legales\", \"content_type\": 155, \"live\": false, \"has_unpublished_changes\": false, \"url_path\": \"/index/mentions-legales/\", \"owner\": 1, \"seo_title\": \"\", \"show_in_menus\": false, \"search_description\": \"\", \"go_live_at\": null, \"expire_at\": null, \"expired\": false, \"locked\": false, \"locked_at\": null, \"locked_by\": null, \"first_published_at\": null, \"last_published_at\": null, \"latest_revision_created_at\": null, \"live_revision\": null, \"alias_of\": null, \"body\": \"[{\\\"type\\\": \\\"text\\\", \\\"value\\\": \\\"<h2 data-block-key=\\\\\\\"64tau\\\\\\\">Informations \\\\u00e9diteur</h2><h3 data-block-key=\\\\\\\"sq8e\\\\\\\">Service gestionnaire</h3><p data-block-key=\\\\\\\"abs9i\\\\\\\">Direction g\\\\u00e9n\\\\u00e9rale des Collectivit\\\\u00e9s locales (DGCL)</p><p data-block-key=\\\\\\\"9rft3\\\\\\\">    D\\\\u00e9partement de publication de l\\\\u2019information et de la documentation - P\\\\u00f4le communication     </p><p data-block-key=\\\\\\\"djqgk\\\\\\\">    2 Place des Saussaies<br/>     75008 Paris<br/>     France<br/> </p><h3 data-block-key=\\\\\\\"27jvs\\\\\\\">Directeur de la publication</h3><p data-block-key=\\\\\\\"bjm3r\\\\\\\">Stanislas Bourron</p><h2 data-block-key=\\\\\\\"43lra\\\\\\\">Informations techniques</h2><h3 data-block-key=\\\\\\\"64gmr\\\\\\\">H\\\\u00e9bergement du site</h3><p data-block-key=\\\\\\\"82f8b\\\\\\\">OVH SAS, filiale de la soci\\\\u00e9t\\\\u00e9 OVH Groupe SAS, soci\\\\u00e9t\\\\u00e9 immatricul\\\\u00e9e au RCS de Lille sous le num\\\\u00e9ro 537 407 926 sise 2, rue Kellermann, 59100 Roubaix.     </p><p data-block-key=\\\\\\\"4p5fo\\\\\\\"><a href=\\\\\\\"https://www.ovh.com/fr/\\\\\\\">ovh.com</a></p><h3 data-block-key=\\\\\\\"80uak\\\\\\\">Conception et d\\\\u00e9veloppement</h3><p data-block-key=\\\\\\\"sqbr\\\\\\\">R\\\\u00e9alisation technique et graphique :</p><p data-block-key=\\\\\\\"a5dbd\\\\\\\">Direction G\\\\u00e9n\\\\u00e9rale des Collectivit\\\\u00e9s Locales (DGCL) avec l\\\\u2019appui du programme <a href=\\\\\\\"https://entrepreneur-interet-general.etalab.gouv.fr/defis/2020/open-collectivites.html\\\\\\\">Entrepreneurs d\\\\u2019Int\\\\u00e9r\\\\u00eat G\\\\u00e9n\\\\u00e9ral</a>.     </p><p data-block-key=\\\\\\\"4gliq\\\\\\\">Le code du portail est int\\\\u00e9gralement open source et mis \\\\u00e0 disposition sur le <a href=\\\\\\\"https://github.com/entrepreneur-interet-general/opencollectivites\\\\\\\">d\\\\u00e9p\\\\u00f4t GitHub du projet</a>.     </p><p data-block-key=\\\\\\\"2cndq\\\\\\\">Ce site n\\\\u2019aurait pas pu \\\\u00eatre r\\\\u00e9alis\\\\u00e9 sans les outils ou les fonctionnalit\\\\u00e9s mis \\\\u00e0 disposition par :     </p><ul><li data-block-key=\\\\\\\"514d7\\\\\\\">les\\\\u00a0communaut\\\\u00e9s :<ul><li data-block-key=\\\\\\\"4vcun\\\\\\\"><a href=\\\\\\\"https://www.djangoproject.com/\\\\\\\">djangoproject.com</a> </li><li data-block-key=\\\\\\\"4a2hu\\\\\\\"><a href=\\\\\\\"https://vuejs.org/\\\\\\\">vuejs.org</a> </li><li data-block-key=\\\\\\\"b7mm4\\\\\\\"><a href=\\\\\\\"https://undraw.co/\\\\\\\">undraw.co</a> </li></ul></li><li data-block-key=\\\\\\\"2g132\\\\\\\">le <a href=\\\\\\\"https://www.systeme-de-design.gouv.fr/\\\\\\\">syst\\\\u00e8me de design de l\\\\u2019\\\\u00c9tat</a> bas\\\\u00e9 sur :<ul><li data-block-key=\\\\\\\"76rj5\\\\\\\"><a href=\\\\\\\"https://www.gouvernement.fr/marque-Etat\\\\\\\">La marque de l\\\\u2019\\\\u00c9tat</a> </li><li data-block-key=\\\\\\\"9867d\\\\\\\"><a href=\\\\\\\"https://remixicon.com/\\\\\\\">Remix Icon</a> </li></ul></li><li data-block-key=\\\\\\\"afonm\\\\\\\">les contenus issus des sources officielles suivantes <ul><li data-block-key=\\\\\\\"9r12f\\\\\\\"><a href=\\\\\\\"https://www.ademe.fr/\\\\\\\">Ademe (Agence de l\\\\u2019environnement et de la ma\\\\u00eetrise de l\\\\u2019\\\\u00e9nergie)</a> </li><li data-block-key=\\\\\\\"74r75\\\\\\\"><a href=\\\\\\\"https://www.banatic.interieur.gouv.fr/V5/accueil/index.php\\\\\\\">Base nationale sur l\\\\u2019intercommunalit\\\\u00e9</a> </li><li data-block-key=\\\\\\\"dhv70\\\\\\\"><a href=\\\\\\\"https://www.ccomptes.fr/fr\\\\\\\">Cour des comptes</a></li><li data-block-key=\\\\\\\"ecbdu\\\\\\\"><a href=\\\\\\\"https://dares.travail-emploi.gouv.fr/\\\\\\\">Dares (Direction de l\\\\u2019Animation de la recherche, des \\\\u00c9tudes et des Statistiques)</a> </li><li data-block-key=\\\\\\\"2kja4\\\\\\\"><a href=\\\\\\\"https://drees.solidarites-sante.gouv.fr/etudes-et-statistiques/\\\\\\\">Drees (Direction de la Recherche, des \\\\u00c9tudes, de l\\\\u2019\\\\u00c9valuation et des Statistiques)</a> </li><li data-block-key=\\\\\\\"fvi48\\\\\\\"><a href=\\\\\\\"https://www.collectivites-locales.gouv.fr/\\\\\\\">DGCL (Direction g\\\\u00e9n\\\\u00e9rale des collectivit\\\\u00e9s locales)</a> </li><li data-block-key=\\\\\\\"ct4rk\\\\\\\"><a href=\\\\\\\"https://www.economie.gouv.fr/dgfip\\\\\\\">DGFiP (direction g\\\\u00e9n\\\\u00e9rale des Finances publiques)</a> </li><li data-block-key=\\\\\\\"fnefv\\\\\\\"><a href=\\\\\\\"https://www.insee.fr/fr/accueil\\\\\\\">Insee</a> </li><li data-block-key=\\\\\\\"bmh0h\\\\\\\"><a href=\\\\\\\"https://www.cohesion-territoires.gouv.fr/\\\\\\\">Minist\\\\u00e8re de la Coh\\\\u00e9sion des territoires et des Relations avec les collectivit\\\\u00e9s territoriales</a> </li><li data-block-key=\\\\\\\"n2m7\\\\\\\"><a href=\\\\\\\"https://www.ecologie.gouv.fr/\\\\\\\">Minist\\\\u00e8re de la Transition \\\\u00e9cologique et solidaire</a> </li><li data-block-key=\\\\\\\"dj2up\\\\\\\"><a href=\\\\\\\"https://www.economie.gouv.fr/\\\\\\\">Minist\\\\u00e8re de l\\\\u2019\\\\u00c9conomie, des Finances, et de la Relance</a> </li><li data-block-key=\\\\\\\"aksus\\\\\\\"><a href=\\\\\\\"https://solidarites-sante.gouv.fr/\\\\\\\">Minist\\\\u00e8re des Solidarit\\\\u00e9s et de la Sant\\\\u00e9</a> </li><li data-block-key=\\\\\\\"9iggo\\\\\\\"><a href=\\\\\\\"https://travail-emploi.gouv.fr/\\\\\\\">Minist\\\\u00e8re du Travail</a> </li><li data-block-key=\\\\\\\"hp15\\\\\\\"><a href=\\\\\\\"https://data.ofgl.fr/pages/accueil/\\\\\\\">OFGL (Observatoire des finances et de la gestion publique locales)</a> </li></ul></li></ul><p data-block-key=\\\\\\\"7mj0c\\\\\\\"></p><h2 data-block-key=\\\\\\\"2tq96\\\\\\\">Responsabilit\\\\u00e9 de la Direction G\\\\u00e9n\\\\u00e9rale des Collectivit\\\\u00e9s Locales (DGCL)     </h2><p data-block-key=\\\\\\\"12snn\\\\\\\">Les informations propos\\\\u00e9es sur ce site le sont au titre de service rendu au public. Malgr\\\\u00e9 tout le soin apport\\\\u00e9 \\\\u00e0 l\\\\u2019actualisation des textes officiels et \\\\u00e0 la v\\\\u00e9rification des contenus, les documents mis en ligne ne sauraient engager la responsabilit\\\\u00e9 de la DGCL.     </p><p data-block-key=\\\\\\\"7uhuj\\\\\\\">Les informations et/ou documents disponibles sur ce site sont susceptibles d\\\\u2019\\\\u00eatre modifi\\\\u00e9s \\\\u00e0 tout moment, et peuvent faire l\\\\u2019objet de mises \\\\u00e0 jour.     </p><p data-block-key=\\\\\\\"d934o\\\\\\\">La DGCL\\\\u00a0ne pourra en aucun cas \\\\u00eatre tenu responsable de tout dommage de quelque nature qu\\\\u2019il soit r\\\\u00e9sultant de l\\\\u2019interpr\\\\u00e9tation ou de l\\\\u2019utilisation des informations et/ou documents disponibles sur ce site.     </p><h2 data-block-key=\\\\\\\"brb16\\\\\\\">Donn\\\\u00e9es personnelles</h2><p data-block-key=\\\\\\\"4qemd\\\\\\\">Lorsque des donn\\\\u00e9es pr\\\\u00e9sentes sur ce site ont un caract\\\\u00e8re nominatif, les utilisateurs doivent en faire un usage conforme aux r\\\\u00e9glementations en vigueur et aux recommandations de la Commission nationale de l\\\\u2019informatique et des libert\\\\u00e9s (CNIL).</p><p data-block-key=\\\\\\\"egm8d\\\\\\\">Conform\\\\u00e9ment \\\\u00e0 la loi Informatique et Libert\\\\u00e9 78-17 du 6 janvier 1978 modifi\\\\u00e9e, vous disposez d\\\\u2019un droit d\\\\u2019opposition (art. 38), d\\\\u2019acc\\\\u00e8s (art. 39), de rectification ou de suppression (art. 40) des donn\\\\u00e9es qui vous concernent. Vous pouvez exercer ce droit en vous adressant \\\\u00e0 la DGCL :</p><ul><li data-block-key=\\\\\\\"7f17v\\\\\\\">en envoyant un courriel au d\\\\u00e9l\\\\u00e9gu\\\\u00e9 \\\\u00e0 la protection des donn\\\\u00e9es du Minist\\\\u00e8re de l\\\\u2019Int\\\\u00e9rieur : delegue-protection-donnees@interieur.gouv.fr </li><li data-block-key=\\\\\\\"8fee4\\\\\\\">ou en envoyant un courrier \\\\u00e0 la DGCL : D\\\\u00e9partement de publication de l\\\\u2019information et de la documentation, 2 place des Saussaies 75008 PARIS.     </li></ul><h2 data-block-key=\\\\\\\"80qre\\\\\\\">Gestion des cookies</h2><p data-block-key=\\\\\\\"d9vla\\\\\\\">Ce portail n\\\\u2019utilise aucun cookie n\\\\u00e9cessitant un consentement des usagers. C\\\\u2019est pourquoi vous n\\\\u2019avez pas \\\\u00e0 accepter leur utilisation avant de poursuivre votre navigation.     </p><h3 data-block-key=\\\\\\\"1u3t2\\\\\\\">Cookies strictement n\\\\u00e9cessaires     </h3><p data-block-key=\\\\\\\"e0en3\\\\\\\">Ce portail utilise les cookies suivants, n\\\\u00e9cessaires \\\\u00e0 son fonctionnement. Sans eux, vous ne pourrez pas l\\\\u2019utiliser normalement. Il s\\\\u2019agit de cookies d\\\\u00e9pos\\\\u00e9s par Open Collectivit\\\\u00e9s qui ne concernent que     son fonctionnement.</p><ul><li data-block-key=\\\\\\\"51fqc\\\\\\\"><b>csrftoken</b> : Token Django pour protection anti CSRF : ce cookie de s\\\\u00e9curit\\\\u00e9 permet de se prot\\\\u00e9ger des attaques de type <a href=\\\\\\\"https://fr.wikipedia.org/wiki/Cross-site_request_forgery\\\\\\\">Cross-Site Request Forgery (CSRF)</a> </li><li data-block-key=\\\\\\\"1n2fu\\\\\\\"><b>scheme</b> : Ce cookie fonctionnel sert \\\\u00e0 m\\\\u00e9moriser le th\\\\u00e8me s\\\\u00e9lectionn\\\\u00e9 (clair ou sombre)       </li></ul><h2 data-block-key=\\\\\\\"1skgk\\\\\\\">Liens hypertextes</h2><p data-block-key=\\\\\\\"3h26v\\\\\\\">Tout site public ou priv\\\\u00e9 est autoris\\\\u00e9 \\\\u00e0 \\\\u00e9tablir, sans autorisation pr\\\\u00e9alable, un lien vers les informations diffus\\\\u00e9es par la Direction G\\\\u00e9n\\\\u00e9rale des Collectivit\\\\u00e9s Locales. En revanche, les pages du site ne     doivent pas \\\\u00eatre imbriqu\\\\u00e9es \\\\u00e0 l\\\\u2019int\\\\u00e9rieur des pages d\\\\u2019un autre site.</p><p data-block-key=\\\\\\\"cb92i\\\\\\\">L\\\\u2019autorisation de mise en place d\\\\u2019un lien est valable pour tout support, \\\\u00e0 l\\\\u2019exception de ceux diffusant des informations \\\\u00e0 caract\\\\u00e8re pol\\\\u00e9mique, pornographique, x\\\\u00e9nophobe ou pouvant, dans une plus large mesure porter atteinte \\\\u00e0 la sensibilit\\\\u00e9 du plus grand nombre.</p><h2 data-block-key=\\\\\\\"aueas\\\\\\\">Disponibilit\\\\u00e9 du site</h2><p data-block-key=\\\\\\\"9v4e7\\\\\\\">L\\\\u2019\\\\u00e9diteur s\\\\u2019efforce de permettre l\\\\u2019acc\\\\u00e8s au site 24 heures sur 24, 7 jours sur 7, sauf en cas de force majeure ou d\\\\u2019un \\\\u00e9v\\\\u00e9nement hors du contr\\\\u00f4le de la Direction g\\\\u00e9n\\\\u00e9rale des collectivit\\\\u00e9s locales, et sous     r\\\\u00e9serve des \\\\u00e9ventuelles pannes et interventions de maintenance n\\\\u00e9cessaires au bon fonctionnement du site et des services.</p><p data-block-key=\\\\\\\"7tk0u\\\\\\\">Il n\\\\u2019est pr\\\\u00e9vu aucune assistance technique vis-\\\\u00e0-vis de l\\\\u2019utilisateur que ce soit par des moyens \\\\u00e9lectronique ou t\\\\u00e9l\\\\u00e9phonique.</p><p data-block-key=\\\\\\\"bi0gn\\\\\\\">La responsabilit\\\\u00e9 de l\\\\u2019\\\\u00e9diteur ne saurait \\\\u00eatre engag\\\\u00e9e en cas d\\\\u2019impossibilit\\\\u00e9 d\\\\u2019acc\\\\u00e8s \\\\u00e0 ce site et/ou d\\\\u2019utilisation des services.     </p><h2 data-block-key=\\\\\\\"bapc2\\\\\\\">Acceptation des conditions d\\\\u2019utilisation</h2><p data-block-key=\\\\\\\"cqhi4\\\\\\\">L\\\\u2019utilisateur reconna\\\\u00eet avoir pris connaissance des conditions d\\\\u2019utilisation, au moment de sa connexion vers le site Open Collectivit\\\\u00e9s et d\\\\u00e9clare express\\\\u00e9ment les accepter sans r\\\\u00e9serve.</p>\\\", \\\"id\\\": \\\"60984dce-6d59-4f01-8e08-54e96cbad67b\\\"}]\", \"comments\": []}", "approved_go_live_at": null}}, {"model": "wagtailcore.pagerevision", "pk": 9, "fields": {"page": 6, "submitted_for_moderation": false, "created_at": "2021-08-18T12:43:23.177Z", "user": 1, "content_json": "{\"pk\": 6, \"path\": \"000100030002\", \"depth\": 3, \"numchild\": 0, \"translation_key\": \"79338331-ff78-4c1c-822d-c70a93d48417\", \"locale\": 1, \"title\": \"Mentions l\\u00e9gales\", \"draft_title\": \"Mentions l\\u00e9gales\", \"slug\": \"mentions-legales\", \"content_type\": 155, \"live\": false, \"has_unpublished_changes\": true, \"url_path\": \"/index/mentions-legales/\", \"owner\": 1, \"seo_title\": \"\", \"show_in_menus\": false, \"search_description\": \"\", \"go_live_at\": null, \"expire_at\": null, \"expired\": false, \"locked\": false, \"locked_at\": null, \"locked_by\": null, \"first_published_at\": null, \"last_published_at\": null, \"latest_revision_created_at\": \"2021-08-18T12:43:14.101Z\", \"live_revision\": null, \"alias_of\": null, \"body\": \"[{\\\"type\\\": \\\"text\\\", \\\"value\\\": \\\"<h2 data-block-key=\\\\\\\"64tau\\\\\\\">Informations \\\\u00e9diteur</h2><h3 data-block-key=\\\\\\\"sq8e\\\\\\\">Service gestionnaire</h3><p data-block-key=\\\\\\\"abs9i\\\\\\\">Direction g\\\\u00e9n\\\\u00e9rale des Collectivit\\\\u00e9s locales (DGCL)</p><p data-block-key=\\\\\\\"9rft3\\\\\\\">D\\\\u00e9partement de publication de l\\\\u2019information et de la documentation - P\\\\u00f4le communication</p><p data-block-key=\\\\\\\"djqgk\\\\\\\">2 Place des Saussaies<br/> 75008 Paris<br/> France<br/></p><h3 data-block-key=\\\\\\\"27jvs\\\\\\\">Directeur de la publication</h3><p data-block-key=\\\\\\\"bjm3r\\\\\\\">Stanislas Bourron</p><h2 data-block-key=\\\\\\\"43lra\\\\\\\">Informations techniques</h2><h3 data-block-key=\\\\\\\"64gmr\\\\\\\">H\\\\u00e9bergement du site</h3><p data-block-key=\\\\\\\"82f8b\\\\\\\">OVH SAS, filiale de la soci\\\\u00e9t\\\\u00e9 OVH Groupe SAS, soci\\\\u00e9t\\\\u00e9 immatricul\\\\u00e9e au RCS de Lille sous le num\\\\u00e9ro 537 407 926 sise 2, rue Kellermann, 59100 Roubaix.</p><p data-block-key=\\\\\\\"4p5fo\\\\\\\"><a href=\\\\\\\"https://www.ovh.com/fr/\\\\\\\">ovh.com</a></p><h3 data-block-key=\\\\\\\"80uak\\\\\\\">Conception et d\\\\u00e9veloppement</h3><p data-block-key=\\\\\\\"sqbr\\\\\\\">R\\\\u00e9alisation technique et graphique :</p><p data-block-key=\\\\\\\"a5dbd\\\\\\\">Direction G\\\\u00e9n\\\\u00e9rale des Collectivit\\\\u00e9s Locales (DGCL) avec l\\\\u2019appui du programme <a href=\\\\\\\"https://entrepreneur-interet-general.etalab.gouv.fr/defis/2020/open-collectivites.html\\\\\\\">Entrepreneurs d\\\\u2019Int\\\\u00e9r\\\\u00eat G\\\\u00e9n\\\\u00e9ral</a>.</p><p data-block-key=\\\\\\\"4gliq\\\\\\\">Le code du portail est int\\\\u00e9gralement open source et mis \\\\u00e0 disposition sur le <a href=\\\\\\\"https://github.com/entrepreneur-interet-general/opencollectivites\\\\\\\">d\\\\u00e9p\\\\u00f4t GitHub du projet</a>.</p><p data-block-key=\\\\\\\"2cndq\\\\\\\">Ce site n\\\\u2019aurait pas pu \\\\u00eatre r\\\\u00e9alis\\\\u00e9 sans les outils ou les fonctionnalit\\\\u00e9s mis \\\\u00e0 disposition par :</p><ul><li data-block-key=\\\\\\\"514d7\\\\\\\">les\\\\u00a0communaut\\\\u00e9s :<ul><li data-block-key=\\\\\\\"4vcun\\\\\\\"><a href=\\\\\\\"https://www.djangoproject.com/\\\\\\\">djangoproject.com</a></li><li data-block-key=\\\\\\\"4a2hu\\\\\\\"><a href=\\\\\\\"https://vuejs.org/\\\\\\\">vuejs.org</a></li><li data-block-key=\\\\\\\"b7mm4\\\\\\\"><a href=\\\\\\\"https://undraw.co/\\\\\\\">undraw.co</a></li></ul></li><li data-block-key=\\\\\\\"2g132\\\\\\\">le <a href=\\\\\\\"https://www.systeme-de-design.gouv.fr/\\\\\\\">syst\\\\u00e8me de design de l\\\\u2019\\\\u00c9tat</a> bas\\\\u00e9 sur :<ul><li data-block-key=\\\\\\\"76rj5\\\\\\\"><a href=\\\\\\\"https://www.gouvernement.fr/marque-Etat\\\\\\\">La marque de l\\\\u2019\\\\u00c9tat</a></li><li data-block-key=\\\\\\\"9867d\\\\\\\"><a href=\\\\\\\"https://remixicon.com/\\\\\\\">Remix Icon</a></li></ul></li><li data-block-key=\\\\\\\"afonm\\\\\\\">les contenus issus des sources officielles suivantes<ul><li data-block-key=\\\\\\\"9r12f\\\\\\\"><a href=\\\\\\\"https://www.ademe.fr/\\\\\\\">Ademe (Agence de l\\\\u2019environnement et de la ma\\\\u00eetrise de l\\\\u2019\\\\u00e9nergie)</a></li><li data-block-key=\\\\\\\"74r75\\\\\\\"><a href=\\\\\\\"https://www.banatic.interieur.gouv.fr/V5/accueil/index.php\\\\\\\">Base nationale sur l\\\\u2019intercommunalit\\\\u00e9</a></li><li data-block-key=\\\\\\\"dhv70\\\\\\\"><a href=\\\\\\\"https://www.ccomptes.fr/fr\\\\\\\">Cour des comptes</a></li><li data-block-key=\\\\\\\"ecbdu\\\\\\\"><a href=\\\\\\\"https://dares.travail-emploi.gouv.fr/\\\\\\\">Dares (Direction de l\\\\u2019Animation de la recherche, des \\\\u00c9tudes et des Statistiques)</a></li><li data-block-key=\\\\\\\"2kja4\\\\\\\"><a href=\\\\\\\"https://drees.solidarites-sante.gouv.fr/etudes-et-statistiques/\\\\\\\">Drees (Direction de la Recherche, des \\\\u00c9tudes, de l\\\\u2019\\\\u00c9valuation et des Statistiques)</a></li><li data-block-key=\\\\\\\"fvi48\\\\\\\"><a href=\\\\\\\"https://www.collectivites-locales.gouv.fr/\\\\\\\">DGCL (Direction g\\\\u00e9n\\\\u00e9rale des collectivit\\\\u00e9s locales)</a></li><li data-block-key=\\\\\\\"ct4rk\\\\\\\"><a href=\\\\\\\"https://www.economie.gouv.fr/dgfip\\\\\\\">DGFiP (direction g\\\\u00e9n\\\\u00e9rale des Finances publiques)</a></li><li data-block-key=\\\\\\\"fnefv\\\\\\\"><a href=\\\\\\\"https://www.insee.fr/fr/accueil\\\\\\\">Insee</a></li><li data-block-key=\\\\\\\"bmh0h\\\\\\\"><a href=\\\\\\\"https://www.cohesion-territoires.gouv.fr/\\\\\\\">Minist\\\\u00e8re de la Coh\\\\u00e9sion des territoires et des Relations avec les collectivit\\\\u00e9s territoriales</a></li><li data-block-key=\\\\\\\"n2m7\\\\\\\"><a href=\\\\\\\"https://www.ecologie.gouv.fr/\\\\\\\">Minist\\\\u00e8re de la Transition \\\\u00e9cologique et solidaire</a></li><li data-block-key=\\\\\\\"dj2up\\\\\\\"><a href=\\\\\\\"https://www.economie.gouv.fr/\\\\\\\">Minist\\\\u00e8re de l\\\\u2019\\\\u00c9conomie, des Finances, et de la Relance</a></li><li data-block-key=\\\\\\\"aksus\\\\\\\"><a href=\\\\\\\"https://solidarites-sante.gouv.fr/\\\\\\\">Minist\\\\u00e8re des Solidarit\\\\u00e9s et de la Sant\\\\u00e9</a></li><li data-block-key=\\\\\\\"9iggo\\\\\\\"><a href=\\\\\\\"https://travail-emploi.gouv.fr/\\\\\\\">Minist\\\\u00e8re du Travail</a></li><li data-block-key=\\\\\\\"hp15\\\\\\\"><a href=\\\\\\\"https://data.ofgl.fr/pages/accueil/\\\\\\\">OFGL (Observatoire des finances et de la gestion publique locales)</a></li></ul></li></ul><p data-block-key=\\\\\\\"7mj0c\\\\\\\"></p><h2 data-block-key=\\\\\\\"2tq96\\\\\\\">Responsabilit\\\\u00e9 de la Direction G\\\\u00e9n\\\\u00e9rale des Collectivit\\\\u00e9s Locales (DGCL)</h2><p data-block-key=\\\\\\\"12snn\\\\\\\">Les informations propos\\\\u00e9es sur ce site le sont au titre de service rendu au public. Malgr\\\\u00e9 tout le soin apport\\\\u00e9 \\\\u00e0 l\\\\u2019actualisation des textes officiels et \\\\u00e0 la v\\\\u00e9rification des contenus, les documents mis en ligne ne sauraient engager la responsabilit\\\\u00e9 de la DGCL.</p><p data-block-key=\\\\\\\"7uhuj\\\\\\\">Les informations et/ou documents disponibles sur ce site sont susceptibles d\\\\u2019\\\\u00eatre modifi\\\\u00e9s \\\\u00e0 tout moment, et peuvent faire l\\\\u2019objet de mises \\\\u00e0 jour.</p><p data-block-key=\\\\\\\"d934o\\\\\\\">La DGCL\\\\u00a0ne pourra en aucun cas \\\\u00eatre tenu responsable de tout dommage de quelque nature qu\\\\u2019il soit r\\\\u00e9sultant de l\\\\u2019interpr\\\\u00e9tation ou de l\\\\u2019utilisation des informations et/ou documents disponibles sur ce site.</p><h2 data-block-key=\\\\\\\"brb16\\\\\\\">Donn\\\\u00e9es personnelles</h2><p data-block-key=\\\\\\\"4qemd\\\\\\\">Lorsque des donn\\\\u00e9es pr\\\\u00e9sentes sur ce site ont un caract\\\\u00e8re nominatif, les utilisateurs doivent en faire un usage conforme aux r\\\\u00e9glementations en vigueur et aux recommandations de la Commission nationale de l\\\\u2019informatique et des libert\\\\u00e9s (CNIL).</p><p data-block-key=\\\\\\\"egm8d\\\\\\\">Conform\\\\u00e9ment \\\\u00e0 la loi Informatique et Libert\\\\u00e9 78-17 du 6 janvier 1978 modifi\\\\u00e9e, vous disposez d\\\\u2019un droit d\\\\u2019opposition (art. 38), d\\\\u2019acc\\\\u00e8s (art. 39), de rectification ou de suppression (art. 40) des donn\\\\u00e9es qui vous concernent. Vous pouvez exercer ce droit en vous adressant \\\\u00e0 la DGCL :</p><ul><li data-block-key=\\\\\\\"7f17v\\\\\\\">en envoyant un courriel au d\\\\u00e9l\\\\u00e9gu\\\\u00e9 \\\\u00e0 la protection des donn\\\\u00e9es du Minist\\\\u00e8re de l\\\\u2019Int\\\\u00e9rieur : delegue-protection-donnees@interieur.gouv.fr</li><li data-block-key=\\\\\\\"8fee4\\\\\\\">ou en envoyant un courrier \\\\u00e0 la DGCL : D\\\\u00e9partement de publication de l\\\\u2019information et de la documentation, 2 place des Saussaies 75008 PARIS.</li></ul><h2 data-block-key=\\\\\\\"80qre\\\\\\\">Gestion des cookies</h2><p data-block-key=\\\\\\\"d9vla\\\\\\\">Ce portail n\\\\u2019utilise aucun cookie n\\\\u00e9cessitant un consentement des usagers. C\\\\u2019est pourquoi vous n\\\\u2019avez pas \\\\u00e0 accepter leur utilisation avant de poursuivre votre navigation.</p><h3 data-block-key=\\\\\\\"1u3t2\\\\\\\">Cookies strictement n\\\\u00e9cessaires</h3><p data-block-key=\\\\\\\"e0en3\\\\\\\">Ce portail utilise les cookies suivants, n\\\\u00e9cessaires \\\\u00e0 son fonctionnement. Sans eux, vous ne pourrez pas l\\\\u2019utiliser normalement. Il s\\\\u2019agit de cookies d\\\\u00e9pos\\\\u00e9s par Open Collectivit\\\\u00e9s qui ne concernent que son fonctionnement.</p><ul><li data-block-key=\\\\\\\"51fqc\\\\\\\"><b>csrftoken</b> : Token Django pour protection anti CSRF : ce cookie de s\\\\u00e9curit\\\\u00e9 permet de se prot\\\\u00e9ger des attaques de type <a href=\\\\\\\"https://fr.wikipedia.org/wiki/Cross-site_request_forgery\\\\\\\">Cross-Site Request Forgery (CSRF)</a></li><li data-block-key=\\\\\\\"1n2fu\\\\\\\"><b>scheme</b> : Ce cookie fonctionnel sert \\\\u00e0 m\\\\u00e9moriser le th\\\\u00e8me s\\\\u00e9lectionn\\\\u00e9 (clair ou sombre)</li></ul><h2 data-block-key=\\\\\\\"1skgk\\\\\\\">Liens hypertextes</h2><p data-block-key=\\\\\\\"3h26v\\\\\\\">Tout site public ou priv\\\\u00e9 est autoris\\\\u00e9 \\\\u00e0 \\\\u00e9tablir, sans autorisation pr\\\\u00e9alable, un lien vers les informations diffus\\\\u00e9es par la Direction G\\\\u00e9n\\\\u00e9rale des Collectivit\\\\u00e9s Locales. En revanche, les pages du site ne doivent pas \\\\u00eatre imbriqu\\\\u00e9es \\\\u00e0 l\\\\u2019int\\\\u00e9rieur des pages d\\\\u2019un autre site.</p><p data-block-key=\\\\\\\"cb92i\\\\\\\">L\\\\u2019autorisation de mise en place d\\\\u2019un lien est valable pour tout support, \\\\u00e0 l\\\\u2019exception de ceux diffusant des informations \\\\u00e0 caract\\\\u00e8re pol\\\\u00e9mique, pornographique, x\\\\u00e9nophobe ou pouvant, dans une plus large mesure porter atteinte \\\\u00e0 la sensibilit\\\\u00e9 du plus grand nombre.</p><h2 data-block-key=\\\\\\\"aueas\\\\\\\">Disponibilit\\\\u00e9 du site</h2><p data-block-key=\\\\\\\"9v4e7\\\\\\\">L\\\\u2019\\\\u00e9diteur s\\\\u2019efforce de permettre l\\\\u2019acc\\\\u00e8s au site 24 heures sur 24, 7 jours sur 7, sauf en cas de force majeure ou d\\\\u2019un \\\\u00e9v\\\\u00e9nement hors du contr\\\\u00f4le de la Direction g\\\\u00e9n\\\\u00e9rale des collectivit\\\\u00e9s locales, et sous r\\\\u00e9serve des \\\\u00e9ventuelles pannes et interventions de maintenance n\\\\u00e9cessaires au bon fonctionnement du site et des services.</p><p data-block-key=\\\\\\\"7tk0u\\\\\\\">Il n\\\\u2019est pr\\\\u00e9vu aucune assistance technique vis-\\\\u00e0-vis de l\\\\u2019utilisateur que ce soit par des moyens \\\\u00e9lectronique ou t\\\\u00e9l\\\\u00e9phonique.</p><p data-block-key=\\\\\\\"bi0gn\\\\\\\">La responsabilit\\\\u00e9 de l\\\\u2019\\\\u00e9diteur ne saurait \\\\u00eatre engag\\\\u00e9e en cas d\\\\u2019impossibilit\\\\u00e9 d\\\\u2019acc\\\\u00e8s \\\\u00e0 ce site et/ou d\\\\u2019utilisation des services.</p><h2 data-block-key=\\\\\\\"bapc2\\\\\\\">Acceptation des conditions d\\\\u2019utilisation</h2><p data-block-key=\\\\\\\"cqhi4\\\\\\\">L\\\\u2019utilisateur reconna\\\\u00eet avoir pris connaissance des conditions d\\\\u2019utilisation, au moment de sa connexion vers le site Open Collectivit\\\\u00e9s et d\\\\u00e9clare express\\\\u00e9ment les accepter sans r\\\\u00e9serve.</p>\\\", \\\"id\\\": \\\"60984dce-6d59-4f01-8e08-54e96cbad67b\\\"}]\", \"comments\": []}", "approved_go_live_at": null}}, {"model": "wagtailcore.pagerevision", "pk": 10, "fields": {"page": 6, "submitted_for_moderation": false, "created_at": "2021-08-18T13:04:40.771Z", "user": 1, "content_json": "{\"pk\": 6, \"path\": \"000100030002\", \"depth\": 3, \"numchild\": 0, \"translation_key\": \"79338331-ff78-4c1c-822d-c70a93d48417\", \"locale\": 1, \"title\": \"Mentions l\\u00e9gales\", \"draft_title\": \"Mentions l\\u00e9gales\", \"slug\": \"mentions-legales\", \"content_type\": 155, \"live\": true, \"has_unpublished_changes\": false, \"url_path\": \"/index/mentions-legales/\", \"owner\": 1, \"seo_title\": \"\", \"show_in_menus\": false, \"search_description\": \"\", \"go_live_at\": null, \"expire_at\": null, \"expired\": false, \"locked\": false, \"locked_at\": null, \"locked_by\": null, \"first_published_at\": \"2021-08-18T12:43:23.209Z\", \"last_published_at\": \"2021-08-18T12:43:23.209Z\", \"latest_revision_created_at\": \"2021-08-18T12:43:23.177Z\", \"live_revision\": 9, \"alias_of\": null, \"body\": \"[{\\\"type\\\": \\\"section\\\", \\\"value\\\": \\\"<h2 data-block-key=\\\\\\\"s9547\\\\\\\">Informations \\\\u00e9diteur</h2><h3 data-block-key=\\\\\\\"3kci3\\\\\\\">Service gestionnaire</h3><p data-block-key=\\\\\\\"f4seu\\\\\\\">Direction g\\\\u00e9n\\\\u00e9rale des Collectivit\\\\u00e9s locales (DGCL)</p><p data-block-key=\\\\\\\"skhu\\\\\\\">    D\\\\u00e9partement de publication de l\\\\u2019information et de la documentation - P\\\\u00f4le communication</p><p data-block-key=\\\\\\\"btidb\\\\\\\">    2 Place des Saussaies<br/>     75008 Paris<br/>     France<br/> </p><h3 data-block-key=\\\\\\\"4sena\\\\\\\">Directeur de la publication</h3><p data-block-key=\\\\\\\"7jkk0\\\\\\\">Stanislas Bourron</p><h2 data-block-key=\\\\\\\"ffa2t\\\\\\\">Informations techniques</h2><h3 data-block-key=\\\\\\\"7pp4j\\\\\\\">H\\\\u00e9bergement du site</h3><p data-block-key=\\\\\\\"7enen\\\\\\\">OVH SAS, filiale de la soci\\\\u00e9t\\\\u00e9 OVH Groupe SAS, soci\\\\u00e9t\\\\u00e9 immatricul\\\\u00e9e au RCS de Lille sous le num\\\\u00e9ro 537 407 926 sise 2, rue Kellermann, 59100 Roubaix.</p><p data-block-key=\\\\\\\"emb76\\\\\\\"><a href=\\\\\\\"https://www.ovh.com/fr/\\\\\\\">ovh.com</a></p><h3 data-block-key=\\\\\\\"5jsrr\\\\\\\">Conception et d\\\\u00e9veloppement</h3><p data-block-key=\\\\\\\"bopqu\\\\\\\">R\\\\u00e9alisation technique et graphique :</p><p data-block-key=\\\\\\\"13c92\\\\\\\">Direction G\\\\u00e9n\\\\u00e9rale des Collectivit\\\\u00e9s Locales (DGCL) avec l\\\\u2019appui du programme <a href=\\\\\\\"https://entrepreneur-interet-general.etalab.gouv.fr/defis/2020/open-collectivites.html\\\\\\\">Entrepreneurs d\\\\u2019Int\\\\u00e9r\\\\u00eat G\\\\u00e9n\\\\u00e9ral</a>.</p><p data-block-key=\\\\\\\"dj8fs\\\\\\\">Le code du portail est int\\\\u00e9gralement open source et mis \\\\u00e0 disposition sur le <a href=\\\\\\\"https://github.com/entrepreneur-interet-general/opencollectivites\\\\\\\">d\\\\u00e9p\\\\u00f4t GitHub du projet</a>.</p><p data-block-key=\\\\\\\"d0frf\\\\\\\">Ce site n\\\\u2019aurait pas pu \\\\u00eatre r\\\\u00e9alis\\\\u00e9 sans les outils ou les fonctionnalit\\\\u00e9s mis \\\\u00e0 disposition par :</p><ul><li data-block-key=\\\\\\\"67sh9\\\\\\\">les\\\\u00a0communaut\\\\u00e9s :<ul><li data-block-key=\\\\\\\"4gfnb\\\\\\\"><a href=\\\\\\\"https://www.djangoproject.com/\\\\\\\">djangoproject.com</a></li><li data-block-key=\\\\\\\"u9so\\\\\\\"><a href=\\\\\\\"https://vuejs.org/\\\\\\\">vuejs.org</a></li><li data-block-key=\\\\\\\"281sa\\\\\\\"><a href=\\\\\\\"https://undraw.co/\\\\\\\">undraw.co</a></li></ul></li><li data-block-key=\\\\\\\"el7l2\\\\\\\">le <a href=\\\\\\\"https://www.systeme-de-design.gouv.fr/\\\\\\\">syst\\\\u00e8me de design de l\\\\u2019\\\\u00c9tat</a> bas\\\\u00e9 sur :         <ul><li data-block-key=\\\\\\\"1s8mi\\\\\\\"><a href=\\\\\\\"https://www.gouvernement.fr/marque-Etat\\\\\\\">La marque de l\\\\u2019\\\\u00c9tat</a> </li><li data-block-key=\\\\\\\"k9g9\\\\\\\"><a href=\\\\\\\"https://remixicon.com/\\\\\\\">Remix Icon</a> </li></ul></li><li data-block-key=\\\\\\\"b0jev\\\\\\\">les contenus issus des sources officielles suivantes :         <ul><li data-block-key=\\\\\\\"6qn9i\\\\\\\"><a href=\\\\\\\"https://www.ademe.fr/\\\\\\\">Ademe (Agence de l\\\\u2019environnement et de la ma\\\\u00eetrise de l\\\\u2019\\\\u00e9nergie)</a> </li><li data-block-key=\\\\\\\"ees2m\\\\\\\"><a href=\\\\\\\"https://www.banatic.interieur.gouv.fr/V5/accueil/index.php\\\\\\\">Base nationale sur l\\\\u2019intercommunalit\\\\u00e9</a> </li><li data-block-key=\\\\\\\"8ic0l\\\\\\\"><a href=\\\\\\\"https://www.ccomptes.fr/fr\\\\\\\">Cour des comptes</a></li><li data-block-key=\\\\\\\"aftir\\\\\\\"><a href=\\\\\\\"https://dares.travail-emploi.gouv.fr/\\\\\\\">Dares (Direction de l\\\\u2019Animation de la recherche, des \\\\u00c9tudes et des Statistiques)</a> </li><li data-block-key=\\\\\\\"eihic\\\\\\\"><a href=\\\\\\\"https://drees.solidarites-sante.gouv.fr/etudes-et-statistiques/\\\\\\\">Drees (Direction de la Recherche, des \\\\u00c9tudes, de l\\\\u2019\\\\u00c9valuation et des Statistiques)</a> </li><li data-block-key=\\\\\\\"2lhth\\\\\\\"><a href=\\\\\\\"https://www.collectivites-locales.gouv.fr/\\\\\\\">DGCL (Direction g\\\\u00e9n\\\\u00e9rale des collectivit\\\\u00e9s locales)</a> </li><li data-block-key=\\\\\\\"bnmqf\\\\\\\"><a href=\\\\\\\"https://www.economie.gouv.fr/dgfip\\\\\\\">DGFiP (direction g\\\\u00e9n\\\\u00e9rale des Finances publiques)</a> </li><li data-block-key=\\\\\\\"5brmq\\\\\\\"><a href=\\\\\\\"https://www.insee.fr/fr/accueil\\\\\\\">Insee</a> </li><li data-block-key=\\\\\\\"77il6\\\\\\\"><a href=\\\\\\\"https://www.cohesion-territoires.gouv.fr/\\\\\\\">Minist\\\\u00e8re de la Coh\\\\u00e9sion des territoires et des Relations avec les collectivit\\\\u00e9s territoriales</a> </li><li data-block-key=\\\\\\\"cke6p\\\\\\\"><a href=\\\\\\\"https://www.ecologie.gouv.fr/\\\\\\\">Minist\\\\u00e8re de la Transition \\\\u00e9cologique et solidaire</a></li><li data-block-key=\\\\\\\"a1kc2\\\\\\\"><a href=\\\\\\\"https://www.economie.gouv.fr/\\\\\\\">Minist\\\\u00e8re de l\\\\u2019\\\\u00c9conomie, des Finances, et de la Relance</a> </li><li data-block-key=\\\\\\\"e1tk6\\\\\\\"><a href=\\\\\\\"https://solidarites-sante.gouv.fr/\\\\\\\">Minist\\\\u00e8re des Solidarit\\\\u00e9s et de la Sant\\\\u00e9</a></li><li data-block-key=\\\\\\\"6kn6p\\\\\\\"><a href=\\\\\\\"https://travail-emploi.gouv.fr/\\\\\\\">Minist\\\\u00e8re du Travail</a></li><li data-block-key=\\\\\\\"fdavo\\\\\\\"><a href=\\\\\\\"https://data.ofgl.fr/pages/accueil/\\\\\\\">OFGL (Observatoire des finances et de la gestion publique locales)</a> </li></ul></li></ul><h2 data-block-key=\\\\\\\"2rvtg\\\\\\\">Responsabilit\\\\u00e9 de la Direction G\\\\u00e9n\\\\u00e9rale des Collectivit\\\\u00e9s Locales (DGCL)     </h2><p data-block-key=\\\\\\\"2mjq3\\\\\\\">Les informations propos\\\\u00e9es sur ce site le sont au titre de service rendu au public. Malgr\\\\u00e9 tout le soin apport\\\\u00e9 \\\\u00e0 l\\\\u2019actualisation des textes officiels et \\\\u00e0 la v\\\\u00e9rification des contenus, les documents mis en ligne ne sauraient engager la responsabilit\\\\u00e9 de la DGCL.</p><p data-block-key=\\\\\\\"3ltc8\\\\\\\">Les informations et/ou documents disponibles sur ce site sont susceptibles d\\\\u2019\\\\u00eatre modifi\\\\u00e9s \\\\u00e0 tout moment, et peuvent faire l\\\\u2019objet de mises \\\\u00e0 jour.</p><p data-block-key=\\\\\\\"98bqh\\\\\\\">La DGCL\\\\u00a0ne pourra en aucun cas \\\\u00eatre tenue responsable de tout dommage de quelque nature qu\\\\u2019il soit r\\\\u00e9sultant de l\\\\u2019interpr\\\\u00e9tation ou de l\\\\u2019utilisation des informations et/ou documents disponibles sur ce site.</p><h2 data-block-key=\\\\\\\"78udp\\\\\\\">Donn\\\\u00e9es personnelles</h2><p data-block-key=\\\\\\\"6834f\\\\\\\">Lorsque des donn\\\\u00e9es pr\\\\u00e9sentes sur ce site ont un caract\\\\u00e8re nominatif, les utilisateurs doivent en faire un usage conforme aux r\\\\u00e9glementations en vigueur et aux recommandations de la Commission nationale de l\\\\u2019informatique et des libert\\\\u00e9s (CNIL).</p><p data-block-key=\\\\\\\"eg023\\\\\\\">Conform\\\\u00e9ment \\\\u00e0 la loi Informatique et Libert\\\\u00e9 78-17 du 6 janvier 1978 modifi\\\\u00e9e, vous disposez d\\\\u2019un droit d\\\\u2019opposition (art. 38), d\\\\u2019acc\\\\u00e8s (art. 39), de rectification ou de suppression (art. 40) des donn\\\\u00e9es qui vous concernent. Vous pouvez exercer ce droit en vous adressant \\\\u00e0 la DGCL :</p><ul><li data-block-key=\\\\\\\"9c7po\\\\\\\">en envoyant un courriel au d\\\\u00e9l\\\\u00e9gu\\\\u00e9 \\\\u00e0 la protection des donn\\\\u00e9es du Minist\\\\u00e8re de l\\\\u2019Int\\\\u00e9rieur : delegue-protection-donnees@interieur.gouv.fr </li><li data-block-key=\\\\\\\"d5pnd\\\\\\\">ou en envoyant un courrier \\\\u00e0 la DGCL : D\\\\u00e9partement de publication de l\\\\u2019information et de la documentation, 2 place des Saussaies 75008 PARIS.     </li></ul><h2 data-block-key=\\\\\\\"66qm1\\\\\\\">Gestion des cookies</h2><p data-block-key=\\\\\\\"2tqqv\\\\\\\">Ce portail n\\\\u2019utilise aucun cookie n\\\\u00e9cessitant un consentement des usagers. C\\\\u2019est pourquoi vous n\\\\u2019avez pas \\\\u00e0 accepter leur utilisation avant de poursuivre votre navigation.</p><h3 data-block-key=\\\\\\\"a07vp\\\\\\\">Cookies strictement n\\\\u00e9cessaires</h3><p data-block-key=\\\\\\\"40oic\\\\\\\">Ce portail utilise les cookies suivants, n\\\\u00e9cessaires \\\\u00e0 son fonctionnement. Sans eux, vous ne pourrez pas l\\\\u2019utiliser normalement. Il s\\\\u2019agit de cookies d\\\\u00e9pos\\\\u00e9s par Open Collectivit\\\\u00e9s qui ne concernent que     son fonctionnement.     </p><ul><li data-block-key=\\\\\\\"7j2s7\\\\\\\"><b>csrftoken</b> : Token Django pour protection anti CSRF : ce cookie de s\\\\u00e9curit\\\\u00e9 permet de se prot\\\\u00e9ger des attaques de type <a href=\\\\\\\"https://fr.wikipedia.org/wiki/Cross-site_request_forgery\\\\\\\">Cross-Site Request Forgery (CSRF)</a></li><li data-block-key=\\\\\\\"82dvp\\\\\\\"><b>scheme</b> : Ce cookie fonctionnel sert \\\\u00e0 m\\\\u00e9moriser le th\\\\u00e8me s\\\\u00e9lectionn\\\\u00e9 (clair ou sombre)</li></ul><h2 data-block-key=\\\\\\\"d1tq1\\\\\\\">Liens hypertextes</h2><p data-block-key=\\\\\\\"38id\\\\\\\">Tout site public ou priv\\\\u00e9 est autoris\\\\u00e9 \\\\u00e0 \\\\u00e9tablir, sans autorisation pr\\\\u00e9alable, un lien vers les informations diffus\\\\u00e9es par la Direction G\\\\u00e9n\\\\u00e9rale des Collectivit\\\\u00e9s Locales. En revanche, les pages du site ne     doivent pas \\\\u00eatre imbriqu\\\\u00e9es \\\\u00e0 l\\\\u2019int\\\\u00e9rieur des pages d\\\\u2019un autre site.</p><p data-block-key=\\\\\\\"egv2p\\\\\\\">L\\\\u2019autorisation de mise en place d\\\\u2019un lien est valable pour tout support, \\\\u00e0 l\\\\u2019exception de ceux diffusant des informations \\\\u00e0 caract\\\\u00e8re pol\\\\u00e9mique, pornographique, x\\\\u00e9nophobe ou pouvant, dans une plus large mesure porter atteinte \\\\u00e0 la sensibilit\\\\u00e9 du plus grand nombre.     </p><h2 data-block-key=\\\\\\\"cu508\\\\\\\">Disponibilit\\\\u00e9 du site</h2><p data-block-key=\\\\\\\"dkeh6\\\\\\\">L\\\\u2019\\\\u00e9diteur s\\\\u2019efforce de permettre l\\\\u2019acc\\\\u00e8s au site 24 heures sur 24, 7 jours sur 7, sauf en cas de force majeure ou d\\\\u2019un \\\\u00e9v\\\\u00e9nement hors du contr\\\\u00f4le de la Direction g\\\\u00e9n\\\\u00e9rale des collectivit\\\\u00e9s locales, et sous     r\\\\u00e9serve des \\\\u00e9ventuelles pannes et interventions de maintenance n\\\\u00e9cessaires au bon fonctionnement du site et des services.</p><p data-block-key=\\\\\\\"da21u\\\\\\\">Il n\\\\u2019est pr\\\\u00e9vu aucune assistance technique vis-\\\\u00e0-vis de l\\\\u2019utilisateur que ce soit par des moyens \\\\u00e9lectronique ou t\\\\u00e9l\\\\u00e9phonique.</p><p data-block-key=\\\\\\\"4higo\\\\\\\">La responsabilit\\\\u00e9 de l\\\\u2019\\\\u00e9diteur ne saurait \\\\u00eatre engag\\\\u00e9e en cas d\\\\u2019impossibilit\\\\u00e9 d\\\\u2019acc\\\\u00e8s \\\\u00e0 ce site et/ou d\\\\u2019utilisation des services.     </p><h2 data-block-key=\\\\\\\"b6d4e\\\\\\\">Acceptation des conditions d\\\\u2019utilisation</h2><p data-block-key=\\\\\\\"c916t\\\\\\\">L\\\\u2019utilisateur reconna\\\\u00eet avoir pris connaissance des conditions d\\\\u2019utilisation, au moment de sa connexion vers le site Open Collectivit\\\\u00e9s et d\\\\u00e9clare express\\\\u00e9ment les accepter sans r\\\\u00e9serve.     </p>\\\", \\\"id\\\": \\\"c1f5a523-dc17-470d-bc7d-fd8a35cf8880\\\"}]\", \"comments\": []}", "approved_go_live_at": null}}, {"model": "wagtailcore.pagerevision", "pk": 11, "fields": {"page": 6, "submitted_for_moderation": false, "created_at": "2021-08-18T13:04:49.480Z", "user": 1, "content_json": "{\"pk\": 6, \"path\": \"000100030002\", \"depth\": 3, \"numchild\": 0, \"translation_key\": \"79338331-ff78-4c1c-822d-c70a93d48417\", \"locale\": 1, \"title\": \"Mentions l\\u00e9gales\", \"draft_title\": \"Mentions l\\u00e9gales\", \"slug\": \"mentions-legales\", \"content_type\": 155, \"live\": true, \"has_unpublished_changes\": true, \"url_path\": \"/index/mentions-legales/\", \"owner\": 1, \"seo_title\": \"\", \"show_in_menus\": false, \"search_description\": \"\", \"go_live_at\": null, \"expire_at\": null, \"expired\": false, \"locked\": false, \"locked_at\": null, \"locked_by\": null, \"first_published_at\": \"2021-08-18T12:43:23.209Z\", \"last_published_at\": \"2021-08-18T12:43:23.209Z\", \"latest_revision_created_at\": \"2021-08-18T13:04:40.771Z\", \"live_revision\": 9, \"alias_of\": null, \"body\": \"[{\\\"type\\\": \\\"section\\\", \\\"value\\\": \\\"<h2 data-block-key=\\\\\\\"s9547\\\\\\\">Informations \\\\u00e9diteur</h2><h3 data-block-key=\\\\\\\"3kci3\\\\\\\">Service gestionnaire</h3><p data-block-key=\\\\\\\"f4seu\\\\\\\">Direction g\\\\u00e9n\\\\u00e9rale des Collectivit\\\\u00e9s locales (DGCL)</p><p data-block-key=\\\\\\\"skhu\\\\\\\">D\\\\u00e9partement de publication de l\\\\u2019information et de la documentation - P\\\\u00f4le communication</p><p data-block-key=\\\\\\\"btidb\\\\\\\">2 Place des Saussaies<br/> 75008 Paris<br/> France<br/></p><h3 data-block-key=\\\\\\\"4sena\\\\\\\">Directeur de la publication</h3><p data-block-key=\\\\\\\"7jkk0\\\\\\\">Stanislas Bourron</p><h2 data-block-key=\\\\\\\"ffa2t\\\\\\\">Informations techniques</h2><h3 data-block-key=\\\\\\\"7pp4j\\\\\\\">H\\\\u00e9bergement du site</h3><p data-block-key=\\\\\\\"7enen\\\\\\\">OVH SAS, filiale de la soci\\\\u00e9t\\\\u00e9 OVH Groupe SAS, soci\\\\u00e9t\\\\u00e9 immatricul\\\\u00e9e au RCS de Lille sous le num\\\\u00e9ro 537 407 926 sise 2, rue Kellermann, 59100 Roubaix.</p><p data-block-key=\\\\\\\"emb76\\\\\\\"><a href=\\\\\\\"https://www.ovh.com/fr/\\\\\\\">ovh.com</a></p><h3 data-block-key=\\\\\\\"5jsrr\\\\\\\">Conception et d\\\\u00e9veloppement</h3><p data-block-key=\\\\\\\"bopqu\\\\\\\">R\\\\u00e9alisation technique et graphique :</p><p data-block-key=\\\\\\\"13c92\\\\\\\">Direction G\\\\u00e9n\\\\u00e9rale des Collectivit\\\\u00e9s Locales (DGCL) avec l\\\\u2019appui du programme <a href=\\\\\\\"https://entrepreneur-interet-general.etalab.gouv.fr/defis/2020/open-collectivites.html\\\\\\\">Entrepreneurs d\\\\u2019Int\\\\u00e9r\\\\u00eat G\\\\u00e9n\\\\u00e9ral</a>.</p><p data-block-key=\\\\\\\"dj8fs\\\\\\\">Le code du portail est int\\\\u00e9gralement open source et mis \\\\u00e0 disposition sur le <a href=\\\\\\\"https://github.com/entrepreneur-interet-general/opencollectivites\\\\\\\">d\\\\u00e9p\\\\u00f4t GitHub du projet</a>.</p><p data-block-key=\\\\\\\"d0frf\\\\\\\">Ce site n\\\\u2019aurait pas pu \\\\u00eatre r\\\\u00e9alis\\\\u00e9 sans les outils ou les fonctionnalit\\\\u00e9s mis \\\\u00e0 disposition par :</p><ul><li data-block-key=\\\\\\\"67sh9\\\\\\\">les\\\\u00a0communaut\\\\u00e9s :<ul><li data-block-key=\\\\\\\"4gfnb\\\\\\\"><a href=\\\\\\\"https://www.djangoproject.com/\\\\\\\">djangoproject.com</a></li><li data-block-key=\\\\\\\"u9so\\\\\\\"><a href=\\\\\\\"https://vuejs.org/\\\\\\\">vuejs.org</a></li><li data-block-key=\\\\\\\"281sa\\\\\\\"><a href=\\\\\\\"https://undraw.co/\\\\\\\">undraw.co</a></li></ul></li><li data-block-key=\\\\\\\"el7l2\\\\\\\">le <a href=\\\\\\\"https://www.systeme-de-design.gouv.fr/\\\\\\\">syst\\\\u00e8me de design de l\\\\u2019\\\\u00c9tat</a> bas\\\\u00e9 sur :<ul><li data-block-key=\\\\\\\"1s8mi\\\\\\\"><a href=\\\\\\\"https://www.gouvernement.fr/marque-Etat\\\\\\\">La marque de l\\\\u2019\\\\u00c9tat</a></li><li data-block-key=\\\\\\\"k9g9\\\\\\\"><a href=\\\\\\\"https://remixicon.com/\\\\\\\">Remix Icon</a></li></ul></li><li data-block-key=\\\\\\\"b0jev\\\\\\\">les contenus issus des sources officielles suivantes :<ul><li data-block-key=\\\\\\\"6qn9i\\\\\\\"><a href=\\\\\\\"https://www.ademe.fr/\\\\\\\">Ademe (Agence de l\\\\u2019environnement et de la ma\\\\u00eetrise de l\\\\u2019\\\\u00e9nergie)</a></li><li data-block-key=\\\\\\\"ees2m\\\\\\\"><a href=\\\\\\\"https://www.banatic.interieur.gouv.fr/V5/accueil/index.php\\\\\\\">Base nationale sur l\\\\u2019intercommunalit\\\\u00e9</a></li><li data-block-key=\\\\\\\"8ic0l\\\\\\\"><a href=\\\\\\\"https://www.ccomptes.fr/fr\\\\\\\">Cour des comptes</a></li><li data-block-key=\\\\\\\"aftir\\\\\\\"><a href=\\\\\\\"https://dares.travail-emploi.gouv.fr/\\\\\\\">Dares (Direction de l\\\\u2019Animation de la recherche, des \\\\u00c9tudes et des Statistiques)</a></li><li data-block-key=\\\\\\\"eihic\\\\\\\"><a href=\\\\\\\"https://drees.solidarites-sante.gouv.fr/etudes-et-statistiques/\\\\\\\">Drees (Direction de la Recherche, des \\\\u00c9tudes, de l\\\\u2019\\\\u00c9valuation et des Statistiques)</a></li><li data-block-key=\\\\\\\"2lhth\\\\\\\"><a href=\\\\\\\"https://www.collectivites-locales.gouv.fr/\\\\\\\">DGCL (Direction g\\\\u00e9n\\\\u00e9rale des collectivit\\\\u00e9s locales)</a></li><li data-block-key=\\\\\\\"bnmqf\\\\\\\"><a href=\\\\\\\"https://www.economie.gouv.fr/dgfip\\\\\\\">DGFiP (direction g\\\\u00e9n\\\\u00e9rale des Finances publiques)</a></li><li data-block-key=\\\\\\\"5brmq\\\\\\\"><a href=\\\\\\\"https://www.insee.fr/fr/accueil\\\\\\\">Insee</a></li><li data-block-key=\\\\\\\"77il6\\\\\\\"><a href=\\\\\\\"https://www.cohesion-territoires.gouv.fr/\\\\\\\">Minist\\\\u00e8re de la Coh\\\\u00e9sion des territoires et des Relations avec les collectivit\\\\u00e9s territoriales</a></li><li data-block-key=\\\\\\\"cke6p\\\\\\\"><a href=\\\\\\\"https://www.ecologie.gouv.fr/\\\\\\\">Minist\\\\u00e8re de la Transition \\\\u00e9cologique et solidaire</a></li><li data-block-key=\\\\\\\"a1kc2\\\\\\\"><a href=\\\\\\\"https://www.economie.gouv.fr/\\\\\\\">Minist\\\\u00e8re de l\\\\u2019\\\\u00c9conomie, des Finances, et de la Relance</a></li><li data-block-key=\\\\\\\"e1tk6\\\\\\\"><a href=\\\\\\\"https://solidarites-sante.gouv.fr/\\\\\\\">Minist\\\\u00e8re des Solidarit\\\\u00e9s et de la Sant\\\\u00e9</a></li><li data-block-key=\\\\\\\"6kn6p\\\\\\\"><a href=\\\\\\\"https://travail-emploi.gouv.fr/\\\\\\\">Minist\\\\u00e8re du Travail</a></li><li data-block-key=\\\\\\\"fdavo\\\\\\\"><a href=\\\\\\\"https://data.ofgl.fr/pages/accueil/\\\\\\\">OFGL (Observatoire des finances et de la gestion publique locales)</a></li></ul></li></ul><h2 data-block-key=\\\\\\\"2rvtg\\\\\\\">Responsabilit\\\\u00e9 de la Direction G\\\\u00e9n\\\\u00e9rale des Collectivit\\\\u00e9s Locales (DGCL)</h2><p data-block-key=\\\\\\\"2mjq3\\\\\\\">Les informations propos\\\\u00e9es sur ce site le sont au titre de service rendu au public. Malgr\\\\u00e9 tout le soin apport\\\\u00e9 \\\\u00e0 l\\\\u2019actualisation des textes officiels et \\\\u00e0 la v\\\\u00e9rification des contenus, les documents mis en ligne ne sauraient engager la responsabilit\\\\u00e9 de la DGCL.</p><p data-block-key=\\\\\\\"3ltc8\\\\\\\">Les informations et/ou documents disponibles sur ce site sont susceptibles d\\\\u2019\\\\u00eatre modifi\\\\u00e9s \\\\u00e0 tout moment, et peuvent faire l\\\\u2019objet de mises \\\\u00e0 jour.</p><p data-block-key=\\\\\\\"98bqh\\\\\\\">La DGCL\\\\u00a0ne pourra en aucun cas \\\\u00eatre tenue responsable de tout dommage de quelque nature qu\\\\u2019il soit r\\\\u00e9sultant de l\\\\u2019interpr\\\\u00e9tation ou de l\\\\u2019utilisation des informations et/ou documents disponibles sur ce site.</p><h2 data-block-key=\\\\\\\"78udp\\\\\\\">Donn\\\\u00e9es personnelles</h2><p data-block-key=\\\\\\\"6834f\\\\\\\">Lorsque des donn\\\\u00e9es pr\\\\u00e9sentes sur ce site ont un caract\\\\u00e8re nominatif, les utilisateurs doivent en faire un usage conforme aux r\\\\u00e9glementations en vigueur et aux recommandations de la Commission nationale de l\\\\u2019informatique et des libert\\\\u00e9s (CNIL).</p><p data-block-key=\\\\\\\"eg023\\\\\\\">Conform\\\\u00e9ment \\\\u00e0 la loi Informatique et Libert\\\\u00e9 78-17 du 6 janvier 1978 modifi\\\\u00e9e, vous disposez d\\\\u2019un droit d\\\\u2019opposition (art. 38), d\\\\u2019acc\\\\u00e8s (art. 39), de rectification ou de suppression (art. 40) des donn\\\\u00e9es qui vous concernent. Vous pouvez exercer ce droit en vous adressant \\\\u00e0 la DGCL :</p><ul><li data-block-key=\\\\\\\"9c7po\\\\\\\">en envoyant un courriel au d\\\\u00e9l\\\\u00e9gu\\\\u00e9 \\\\u00e0 la protection des donn\\\\u00e9es du Minist\\\\u00e8re de l\\\\u2019Int\\\\u00e9rieur : delegue-protection-donnees@interieur.gouv.fr</li><li data-block-key=\\\\\\\"d5pnd\\\\\\\">ou en envoyant un courrier \\\\u00e0 la DGCL : D\\\\u00e9partement de publication de l\\\\u2019information et de la documentation, 2 place des Saussaies 75008 PARIS.</li></ul><h2 data-block-key=\\\\\\\"66qm1\\\\\\\">Gestion des cookies</h2><p data-block-key=\\\\\\\"2tqqv\\\\\\\">Ce portail n\\\\u2019utilise aucun cookie n\\\\u00e9cessitant un consentement des usagers. C\\\\u2019est pourquoi vous n\\\\u2019avez pas \\\\u00e0 accepter leur utilisation avant de poursuivre votre navigation.</p><h3 data-block-key=\\\\\\\"a07vp\\\\\\\">Cookies strictement n\\\\u00e9cessaires</h3><p data-block-key=\\\\\\\"40oic\\\\\\\">Ce portail utilise les cookies suivants, n\\\\u00e9cessaires \\\\u00e0 son fonctionnement. Sans eux, vous ne pourrez pas l\\\\u2019utiliser normalement. Il s\\\\u2019agit de cookies d\\\\u00e9pos\\\\u00e9s par Open Collectivit\\\\u00e9s qui ne concernent que son fonctionnement.</p><ul><li data-block-key=\\\\\\\"7j2s7\\\\\\\"><b>csrftoken</b> : Token Django pour protection anti CSRF : ce cookie de s\\\\u00e9curit\\\\u00e9 permet de se prot\\\\u00e9ger des attaques de type <a href=\\\\\\\"https://fr.wikipedia.org/wiki/Cross-site_request_forgery\\\\\\\">Cross-Site Request Forgery (CSRF)</a></li><li data-block-key=\\\\\\\"82dvp\\\\\\\"><b>scheme</b> : Ce cookie fonctionnel sert \\\\u00e0 m\\\\u00e9moriser le th\\\\u00e8me s\\\\u00e9lectionn\\\\u00e9 (clair ou sombre)</li></ul><h2 data-block-key=\\\\\\\"d1tq1\\\\\\\">Liens hypertextes</h2><p data-block-key=\\\\\\\"38id\\\\\\\">Tout site public ou priv\\\\u00e9 est autoris\\\\u00e9 \\\\u00e0 \\\\u00e9tablir, sans autorisation pr\\\\u00e9alable, un lien vers les informations diffus\\\\u00e9es par la Direction G\\\\u00e9n\\\\u00e9rale des Collectivit\\\\u00e9s Locales. En revanche, les pages du site ne doivent pas \\\\u00eatre imbriqu\\\\u00e9es \\\\u00e0 l\\\\u2019int\\\\u00e9rieur des pages d\\\\u2019un autre site.</p><p data-block-key=\\\\\\\"egv2p\\\\\\\">L\\\\u2019autorisation de mise en place d\\\\u2019un lien est valable pour tout support, \\\\u00e0 l\\\\u2019exception de ceux diffusant des informations \\\\u00e0 caract\\\\u00e8re pol\\\\u00e9mique, pornographique, x\\\\u00e9nophobe ou pouvant, dans une plus large mesure porter atteinte \\\\u00e0 la sensibilit\\\\u00e9 du plus grand nombre.</p><h2 data-block-key=\\\\\\\"cu508\\\\\\\">Disponibilit\\\\u00e9 du site</h2><p data-block-key=\\\\\\\"dkeh6\\\\\\\">L\\\\u2019\\\\u00e9diteur s\\\\u2019efforce de permettre l\\\\u2019acc\\\\u00e8s au site 24 heures sur 24, 7 jours sur 7, sauf en cas de force majeure ou d\\\\u2019un \\\\u00e9v\\\\u00e9nement hors du contr\\\\u00f4le de la Direction g\\\\u00e9n\\\\u00e9rale des collectivit\\\\u00e9s locales, et sous r\\\\u00e9serve des \\\\u00e9ventuelles pannes et interventions de maintenance n\\\\u00e9cessaires au bon fonctionnement du site et des services.</p><p data-block-key=\\\\\\\"da21u\\\\\\\">Il n\\\\u2019est pr\\\\u00e9vu aucune assistance technique vis-\\\\u00e0-vis de l\\\\u2019utilisateur que ce soit par des moyens \\\\u00e9lectronique ou t\\\\u00e9l\\\\u00e9phonique.</p><p data-block-key=\\\\\\\"4higo\\\\\\\">La responsabilit\\\\u00e9 de l\\\\u2019\\\\u00e9diteur ne saurait \\\\u00eatre engag\\\\u00e9e en cas d\\\\u2019impossibilit\\\\u00e9 d\\\\u2019acc\\\\u00e8s \\\\u00e0 ce site et/ou d\\\\u2019utilisation des services.</p><h2 data-block-key=\\\\\\\"b6d4e\\\\\\\">Acceptation des conditions d\\\\u2019utilisation</h2><p data-block-key=\\\\\\\"c916t\\\\\\\">L\\\\u2019utilisateur reconna\\\\u00eet avoir pris connaissance des conditions d\\\\u2019utilisation, au moment de sa connexion vers le site Open Collectivit\\\\u00e9s et d\\\\u00e9clare express\\\\u00e9ment les accepter sans r\\\\u00e9serve.</p>\\\", \\\"id\\\": \\\"c1f5a523-dc17-470d-bc7d-fd8a35cf8880\\\"}]\", \"comments\": []}", "approved_go_live_at": null}}, {"model": "wagtailcore.pagerevision", "pk": 12, "fields": {"page": 5, "submitted_for_moderation": false, "created_at": "2021-08-18T13:27:55.253Z", "user": 1, "content_json": "{\"pk\": 5, \"path\": \"000100030001\", \"depth\": 3, \"numchild\": 0, \"translation_key\": \"fbf3d939-bfe9-43a8-bf6c-979fb1b21976\", \"locale\": 1, \"title\": \"D\\u00e9claration d\\u2019accessibilit\\u00e9\", \"draft_title\": \"D\\u00e9claration d\\u2019accessibilit\\u00e9\", \"slug\": \"accessibilit\\u00e9\", \"content_type\": 155, \"live\": true, \"has_unpublished_changes\": false, \"url_path\": \"/index/accessibilit\\u00e9/\", \"owner\": 1, \"seo_title\": \"\", \"show_in_menus\": false, \"search_description\": \"\", \"go_live_at\": null, \"expire_at\": null, \"expired\": false, \"locked\": false, \"locked_at\": null, \"locked_by\": null, \"first_published_at\": \"2021-08-18T12:30:20.730Z\", \"last_published_at\": \"2021-08-18T12:30:20.730Z\", \"latest_revision_created_at\": \"2021-08-18T12:30:20.703Z\", \"live_revision\": 7, \"alias_of\": null, \"body\": \"[{\\\"type\\\": \\\"section\\\", \\\"value\\\": \\\"<p data-block-key=\\\\\\\"tccw1\\\\\\\">Le Minist\\\\u00e8re de la Coh\\\\u00e9sion des territoires et des Relations avec les collectivit\\\\u00e9s territoriales s\\\\u2019engage \\\\u00e0 rendre son service accessible, conform\\\\u00e9ment \\\\u00e0 l\\\\u2019article 47 de la loi n\\\\u00b0 2005-102 du 11 f\\\\u00e9vrier 2005.     </p><p data-block-key=\\\\\\\"2b6ik\\\\\\\">Cette d\\\\u00e9claration d\\\\u2019accessibilit\\\\u00e9 s\\\\u2019applique \\\\u00e0 Open Collectivit\\\\u00e9s.</p><h2 data-block-key=\\\\\\\"bm7pa\\\\\\\">\\\\u00c9tat de conformit\\\\u00e9</h2><p data-block-key=\\\\\\\"3ld95\\\\\\\">Open Collectivit\\\\u00e9s est <b>non conforme avec le RGAA 4.1</b>. Le site n\\\\u2019a encore pas \\\\u00e9t\\\\u00e9 audit\\\\u00e9. </p><h2 data-block-key=\\\\\\\"dov4a\\\\\\\">Contenus non accessibles</h2><h2 data-block-key=\\\\\\\"3hj0l\\\\\\\"></h2><h2 data-block-key=\\\\\\\"ep2ho\\\\\\\">\\\\u00c9tablissement de cette d\\\\u00e9claration d\\\\u2019accessibilit\\\\u00e9</h2><p data-block-key=\\\\\\\"a7kt8\\\\\\\">Cette d\\\\u00e9claration a \\\\u00e9t\\\\u00e9 \\\\u00e9tablie le <b>3 mai 2021</b>.</p><h3 data-block-key=\\\\\\\"4kth9\\\\\\\">Technologies utilis\\\\u00e9es</h3><p data-block-key=\\\\\\\"6ehg\\\\\\\">L\\\\u2019accessibilit\\\\u00e9 de Open Collectivit\\\\u00e9s s\\\\u2019appuie sur les technologies suivantes :</p><ul><li data-block-key=\\\\\\\"eiluj\\\\\\\">HTML</li><li data-block-key=\\\\\\\"bel9l\\\\\\\">WAI-ARIA</li><li data-block-key=\\\\\\\"a81tk\\\\\\\">CSS</li><li data-block-key=\\\\\\\"34diu\\\\\\\">JavaScript</li></ul><h2 data-block-key=\\\\\\\"4i03l\\\\\\\">Am\\\\u00e9lioration et contact</h2><p data-block-key=\\\\\\\"5i7f9\\\\\\\">Si vous n\\\\u2019arrivez pas \\\\u00e0 acc\\\\u00e9der \\\\u00e0 un contenu ou \\\\u00e0 un service, vous pouvez contacter le responsable de Open Collectivit\\\\u00e9s pour \\\\u00eatre orient\\\\u00e9 vers une alternative accessible ou obtenir le contenu sous une autre forme.</p><ul><li data-block-key=\\\\\\\"14j0b\\\\\\\">T\\\\u00e9l\\\\u00e9phone : 01 40 07 23 80 </li><li data-block-key=\\\\\\\"8h2h0\\\\\\\">E-mail : antoine1.thomas@dgcl.gouv.fr </li><li data-block-key=\\\\\\\"adt8v\\\\\\\">Adresse : DGCL, Beauvau, 75008 PARIS </li></ul><h2 data-block-key=\\\\\\\"ben5p\\\\\\\">Voie de recours</h2><p data-block-key=\\\\\\\"2shd\\\\\\\">Cette proc\\\\u00e9dure est \\\\u00e0 utiliser dans le cas suivant : vous avez signal\\\\u00e9 au responsable du site internet un d\\\\u00e9faut d\\\\u2019accessibilit\\\\u00e9 qui vous emp\\\\u00eache d\\\\u2019acc\\\\u00e9der \\\\u00e0 un contenu ou \\\\u00e0 un des services du portail et vous n\\\\u2019avez pas obtenu de r\\\\u00e9ponse satisfaisante.</p><p data-block-key=\\\\\\\"9tes2\\\\\\\">Vous pouvez :</p><ul><li data-block-key=\\\\\\\"d04om\\\\\\\">\\\\u00c9crire un message au <a href=\\\\\\\"https://formulaire.defenseurdesdroits.fr/\\\\\\\">D\\\\u00e9fenseur des droits</a></li><li data-block-key=\\\\\\\"99go3\\\\\\\">Contacter <a href=\\\\\\\"https://www.defenseurdesdroits.fr/saisir/delegues\\\\\\\">le d\\\\u00e9l\\\\u00e9gu\\\\u00e9 du D\\\\u00e9fenseur des droits dans votre r\\\\u00e9gion</a></li><li data-block-key=\\\\\\\"8d8t3\\\\\\\">Envoyer un courrier par la poste (gratuit, ne pas mettre de timbre) :<br/>             D\\\\u00e9fenseur des droits<br/>             Libre r\\\\u00e9ponse 71120 75342 Paris CEDEX 07</li></ul><p data-block-key=\\\\\\\"r1an\\\\\\\">Cette d\\\\u00e9claration d\\\\u2019accessibilit\\\\u00e9 a \\\\u00e9t\\\\u00e9 cr\\\\u00e9\\\\u00e9 le 3 mai 2021 gr\\\\u00e2ce au <a href=\\\\\\\"https://betagouv.github.io/a11y-generateur-declaration/#create\\\\\\\">G\\\\u00e9n\\\\u00e9rateur de D\\\\u00e9claration d\\\\u2019Accessibilit\\\\u00e9 de BetaGouv</a>.</p>\\\", \\\"id\\\": \\\"72b8cea6-106e-4332-bd39-c072c87e2024\\\"}]\", \"comments\": []}", "approved_go_live_at": null}}, {"model": "wagtailcore.pagerevision", "pk": 13, "fields": {"page": 5, "submitted_for_moderation": false, "created_at": "2021-08-18T13:28:13.551Z", "user": 1, "content_json": "{\"pk\": 5, \"path\": \"000100030001\", \"depth\": 3, \"numchild\": 0, \"translation_key\": \"fbf3d939-bfe9-43a8-bf6c-979fb1b21976\", \"locale\": 1, \"title\": \"D\\u00e9claration d\\u2019accessibilit\\u00e9\", \"draft_title\": \"D\\u00e9claration d\\u2019accessibilit\\u00e9\", \"slug\": \"accessibilite\", \"content_type\": 155, \"live\": true, \"has_unpublished_changes\": true, \"url_path\": \"/index/accessibilit\\u00e9/\", \"owner\": 1, \"seo_title\": \"\", \"show_in_menus\": false, \"search_description\": \"\", \"go_live_at\": null, \"expire_at\": null, \"expired\": false, \"locked\": false, \"locked_at\": null, \"locked_by\": null, \"first_published_at\": \"2021-08-18T12:30:20.730Z\", \"last_published_at\": \"2021-08-18T12:30:20.730Z\", \"latest_revision_created_at\": \"2021-08-18T13:27:55.253Z\", \"live_revision\": 7, \"alias_of\": null, \"body\": \"[{\\\"type\\\": \\\"section\\\", \\\"value\\\": \\\"<p data-block-key=\\\\\\\"tccw1\\\\\\\">Le Minist\\\\u00e8re de la Coh\\\\u00e9sion des territoires et des Relations avec les collectivit\\\\u00e9s territoriales s\\\\u2019engage \\\\u00e0 rendre son service accessible, conform\\\\u00e9ment \\\\u00e0 l\\\\u2019article 47 de la loi n\\\\u00b0 2005-102 du 11 f\\\\u00e9vrier 2005.</p><p data-block-key=\\\\\\\"2b6ik\\\\\\\">Cette d\\\\u00e9claration d\\\\u2019accessibilit\\\\u00e9 s\\\\u2019applique \\\\u00e0 Open Collectivit\\\\u00e9s.</p><h2 data-block-key=\\\\\\\"bm7pa\\\\\\\">\\\\u00c9tat de conformit\\\\u00e9</h2><p data-block-key=\\\\\\\"3ld95\\\\\\\">Open Collectivit\\\\u00e9s est <b>non conforme avec le RGAA 4.1</b>. Le site n\\\\u2019a encore pas \\\\u00e9t\\\\u00e9 audit\\\\u00e9.</p><h2 data-block-key=\\\\\\\"dov4a\\\\\\\">Contenus non accessibles</h2><h2 data-block-key=\\\\\\\"3hj0l\\\\\\\"></h2><h2 data-block-key=\\\\\\\"ep2ho\\\\\\\">\\\\u00c9tablissement de cette d\\\\u00e9claration d\\\\u2019accessibilit\\\\u00e9</h2><p data-block-key=\\\\\\\"a7kt8\\\\\\\">Cette d\\\\u00e9claration a \\\\u00e9t\\\\u00e9 \\\\u00e9tablie le <b>3 mai 2021</b>.</p><h3 data-block-key=\\\\\\\"4kth9\\\\\\\">Technologies utilis\\\\u00e9es</h3><p data-block-key=\\\\\\\"6ehg\\\\\\\">L\\\\u2019accessibilit\\\\u00e9 de Open Collectivit\\\\u00e9s s\\\\u2019appuie sur les technologies suivantes :</p><ul><li data-block-key=\\\\\\\"eiluj\\\\\\\">HTML</li><li data-block-key=\\\\\\\"bel9l\\\\\\\">WAI-ARIA</li><li data-block-key=\\\\\\\"a81tk\\\\\\\">CSS</li><li data-block-key=\\\\\\\"34diu\\\\\\\">JavaScript</li></ul><h2 data-block-key=\\\\\\\"4i03l\\\\\\\">Am\\\\u00e9lioration et contact</h2><p data-block-key=\\\\\\\"5i7f9\\\\\\\">Si vous n\\\\u2019arrivez pas \\\\u00e0 acc\\\\u00e9der \\\\u00e0 un contenu ou \\\\u00e0 un service, vous pouvez contacter le responsable de Open Collectivit\\\\u00e9s pour \\\\u00eatre orient\\\\u00e9 vers une alternative accessible ou obtenir le contenu sous une autre forme.</p><ul><li data-block-key=\\\\\\\"14j0b\\\\\\\">T\\\\u00e9l\\\\u00e9phone : 01 40 07 23 80</li><li data-block-key=\\\\\\\"8h2h0\\\\\\\">E-mail : antoine1.thomas@dgcl.gouv.fr</li><li data-block-key=\\\\\\\"adt8v\\\\\\\">Adresse : DGCL, Beauvau, 75008 PARIS</li></ul><h2 data-block-key=\\\\\\\"ben5p\\\\\\\">Voie de recours</h2><p data-block-key=\\\\\\\"2shd\\\\\\\">Cette proc\\\\u00e9dure est \\\\u00e0 utiliser dans le cas suivant : vous avez signal\\\\u00e9 au responsable du site internet un d\\\\u00e9faut d\\\\u2019accessibilit\\\\u00e9 qui vous emp\\\\u00eache d\\\\u2019acc\\\\u00e9der \\\\u00e0 un contenu ou \\\\u00e0 un des services du portail et vous n\\\\u2019avez pas obtenu de r\\\\u00e9ponse satisfaisante.</p><p data-block-key=\\\\\\\"9tes2\\\\\\\">Vous pouvez :</p><ul><li data-block-key=\\\\\\\"d04om\\\\\\\">\\\\u00c9crire un message au <a href=\\\\\\\"https://formulaire.defenseurdesdroits.fr/\\\\\\\">D\\\\u00e9fenseur des droits</a></li><li data-block-key=\\\\\\\"99go3\\\\\\\">Contacter <a href=\\\\\\\"https://www.defenseurdesdroits.fr/saisir/delegues\\\\\\\">le d\\\\u00e9l\\\\u00e9gu\\\\u00e9 du D\\\\u00e9fenseur des droits dans votre r\\\\u00e9gion</a></li><li data-block-key=\\\\\\\"8d8t3\\\\\\\">Envoyer un courrier par la poste (gratuit, ne pas mettre de timbre) :<br/> D\\\\u00e9fenseur des droits<br/> Libre r\\\\u00e9ponse 71120 75342 Paris CEDEX 07</li></ul><p data-block-key=\\\\\\\"r1an\\\\\\\">Cette d\\\\u00e9claration d\\\\u2019accessibilit\\\\u00e9 a \\\\u00e9t\\\\u00e9 cr\\\\u00e9\\\\u00e9 le 3 mai 2021 gr\\\\u00e2ce au <a href=\\\\\\\"https://betagouv.github.io/a11y-generateur-declaration/#create\\\\\\\">G\\\\u00e9n\\\\u00e9rateur de D\\\\u00e9claration d\\\\u2019Accessibilit\\\\u00e9 de BetaGouv</a>.</p>\\\", \\\"id\\\": \\\"72b8cea6-106e-4332-bd39-c072c87e2024\\\"}]\", \"comments\": []}", "approved_go_live_at": null}}, {"model": "wagtailcore.pagerevision", "pk": 14, "fields": {"page": 5, "submitted_for_moderation": false, "created_at": "2021-08-18T13:28:17.230Z", "user": 1, "content_json": "{\"pk\": 5, \"path\": \"000100030001\", \"depth\": 3, \"numchild\": 0, \"translation_key\": \"fbf3d939-bfe9-43a8-bf6c-979fb1b21976\", \"locale\": 1, \"title\": \"D\\u00e9claration d\\u2019accessibilit\\u00e9\", \"draft_title\": \"D\\u00e9claration d\\u2019accessibilit\\u00e9\", \"slug\": \"accessibilite\", \"content_type\": 155, \"live\": true, \"has_unpublished_changes\": true, \"url_path\": \"/index/accessibilite/\", \"owner\": 1, \"seo_title\": \"\", \"show_in_menus\": false, \"search_description\": \"\", \"go_live_at\": null, \"expire_at\": null, \"expired\": false, \"locked\": false, \"locked_at\": null, \"locked_by\": null, \"first_published_at\": \"2021-08-18T12:30:20.730Z\", \"last_published_at\": \"2021-08-18T12:30:20.730Z\", \"latest_revision_created_at\": \"2021-08-18T13:28:13.551Z\", \"live_revision\": 7, \"alias_of\": null, \"body\": \"[{\\\"type\\\": \\\"section\\\", \\\"value\\\": \\\"<p data-block-key=\\\\\\\"tccw1\\\\\\\">Le Minist\\\\u00e8re de la Coh\\\\u00e9sion des territoires et des Relations avec les collectivit\\\\u00e9s territoriales s\\\\u2019engage \\\\u00e0 rendre son service accessible, conform\\\\u00e9ment \\\\u00e0 l\\\\u2019article 47 de la loi n\\\\u00b0 2005-102 du 11 f\\\\u00e9vrier 2005.</p><p data-block-key=\\\\\\\"2b6ik\\\\\\\">Cette d\\\\u00e9claration d\\\\u2019accessibilit\\\\u00e9 s\\\\u2019applique \\\\u00e0 Open Collectivit\\\\u00e9s.</p><h2 data-block-key=\\\\\\\"bm7pa\\\\\\\">\\\\u00c9tat de conformit\\\\u00e9</h2><p data-block-key=\\\\\\\"3ld95\\\\\\\">Open Collectivit\\\\u00e9s est <b>non conforme avec le RGAA 4.1</b>. Le site n\\\\u2019a encore pas \\\\u00e9t\\\\u00e9 audit\\\\u00e9.</p><h2 data-block-key=\\\\\\\"dov4a\\\\\\\">Contenus non accessibles</h2><h2 data-block-key=\\\\\\\"3hj0l\\\\\\\"></h2><h2 data-block-key=\\\\\\\"ep2ho\\\\\\\">\\\\u00c9tablissement de cette d\\\\u00e9claration d\\\\u2019accessibilit\\\\u00e9</h2><p data-block-key=\\\\\\\"a7kt8\\\\\\\">Cette d\\\\u00e9claration a \\\\u00e9t\\\\u00e9 \\\\u00e9tablie le <b>3 mai 2021</b>.</p><h3 data-block-key=\\\\\\\"4kth9\\\\\\\">Technologies utilis\\\\u00e9es</h3><p data-block-key=\\\\\\\"6ehg\\\\\\\">L\\\\u2019accessibilit\\\\u00e9 de Open Collectivit\\\\u00e9s s\\\\u2019appuie sur les technologies suivantes :</p><ul><li data-block-key=\\\\\\\"eiluj\\\\\\\">HTML</li><li data-block-key=\\\\\\\"bel9l\\\\\\\">WAI-ARIA</li><li data-block-key=\\\\\\\"a81tk\\\\\\\">CSS</li><li data-block-key=\\\\\\\"34diu\\\\\\\">JavaScript</li></ul><h2 data-block-key=\\\\\\\"4i03l\\\\\\\">Am\\\\u00e9lioration et contact</h2><p data-block-key=\\\\\\\"5i7f9\\\\\\\">Si vous n\\\\u2019arrivez pas \\\\u00e0 acc\\\\u00e9der \\\\u00e0 un contenu ou \\\\u00e0 un service, vous pouvez contacter le responsable de Open Collectivit\\\\u00e9s pour \\\\u00eatre orient\\\\u00e9 vers une alternative accessible ou obtenir le contenu sous une autre forme.</p><ul><li data-block-key=\\\\\\\"14j0b\\\\\\\">T\\\\u00e9l\\\\u00e9phone : 01 40 07 23 80</li><li data-block-key=\\\\\\\"8h2h0\\\\\\\">E-mail : antoine1.thomas@dgcl.gouv.fr</li><li data-block-key=\\\\\\\"adt8v\\\\\\\">Adresse : DGCL, Beauvau, 75008 PARIS</li></ul><h2 data-block-key=\\\\\\\"ben5p\\\\\\\">Voie de recours</h2><p data-block-key=\\\\\\\"2shd\\\\\\\">Cette proc\\\\u00e9dure est \\\\u00e0 utiliser dans le cas suivant : vous avez signal\\\\u00e9 au responsable du site internet un d\\\\u00e9faut d\\\\u2019accessibilit\\\\u00e9 qui vous emp\\\\u00eache d\\\\u2019acc\\\\u00e9der \\\\u00e0 un contenu ou \\\\u00e0 un des services du portail et vous n\\\\u2019avez pas obtenu de r\\\\u00e9ponse satisfaisante.</p><p data-block-key=\\\\\\\"9tes2\\\\\\\">Vous pouvez :</p><ul><li data-block-key=\\\\\\\"d04om\\\\\\\">\\\\u00c9crire un message au <a href=\\\\\\\"https://formulaire.defenseurdesdroits.fr/\\\\\\\">D\\\\u00e9fenseur des droits</a></li><li data-block-key=\\\\\\\"99go3\\\\\\\">Contacter <a href=\\\\\\\"https://www.defenseurdesdroits.fr/saisir/delegues\\\\\\\">le d\\\\u00e9l\\\\u00e9gu\\\\u00e9 du D\\\\u00e9fenseur des droits dans votre r\\\\u00e9gion</a></li><li data-block-key=\\\\\\\"8d8t3\\\\\\\">Envoyer un courrier par la poste (gratuit, ne pas mettre de timbre) :<br/> D\\\\u00e9fenseur des droits<br/> Libre r\\\\u00e9ponse 71120 75342 Paris CEDEX 07</li></ul><p data-block-key=\\\\\\\"r1an\\\\\\\">Cette d\\\\u00e9claration d\\\\u2019accessibilit\\\\u00e9 a \\\\u00e9t\\\\u00e9 cr\\\\u00e9\\\\u00e9 le 3 mai 2021 gr\\\\u00e2ce au <a href=\\\\\\\"https://betagouv.github.io/a11y-generateur-declaration/#create\\\\\\\">G\\\\u00e9n\\\\u00e9rateur de D\\\\u00e9claration d\\\\u2019Accessibilit\\\\u00e9 de BetaGouv</a>.</p>\\\", \\\"id\\\": \\\"72b8cea6-106e-4332-bd39-c072c87e2024\\\"}]\", \"comments\": []}", "approved_go_live_at": null}}, {"model": "wagtailcore.pagerevision", "pk": 15, "fields": {"page": 4, "submitted_for_moderation": false, "created_at": "2021-08-18T14:15:53.020Z", "user": 1, "content_json": "{\"pk\": 4, \"path\": \"00010003\", \"depth\": 2, \"numchild\": 2, \"translation_key\": \"2f5f8c19-0d8d-4d62-819c-d6c633b342c1\", \"locale\": 1, \"title\": \"Accueil\", \"draft_title\": \"Index\", \"slug\": \"index\", \"content_type\": 154, \"live\": true, \"has_unpublished_changes\": false, \"url_path\": \"/index/\", \"owner\": 1, \"seo_title\": \"\", \"show_in_menus\": false, \"search_description\": \"\", \"go_live_at\": null, \"expire_at\": null, \"expired\": false, \"locked\": false, \"locked_at\": null, \"locked_by\": null, \"first_published_at\": \"2021-08-18T09:55:54.246Z\", \"last_published_at\": \"2021-08-18T09:55:54.246Z\", \"latest_revision_created_at\": \"2021-08-18T09:55:54.218Z\", \"live_revision\": 6, \"alias_of\": null, \"body\": \"[{\\\"type\\\": \\\"section_with_image\\\", \\\"value\\\": {\\\"title\\\": \\\"Open Collectivit\\\\u00e9s : qu\\\\u2019est-ce que c\\\\u2019est ?\\\", \\\"text\\\": \\\"<p data-block-key=\\\\\\\"9rcs8\\\\\\\">Un portail qui rassemble des informations statistiques sur les collectivit\\\\u00e9s locales.</p><p data-block-key=\\\\\\\"fuhln\\\\\\\">On peut y trouver :</p><ul><li data-block-key=\\\\\\\"ec9cm\\\\\\\">des publications statistiques, souvent accompagn\\\\u00e9es des donn\\\\u00e9es sources,</li><li data-block-key=\\\\\\\"2fgdn\\\\\\\">des jeux de donn\\\\u00e9es en open data,</li><li data-block-key=\\\\\\\"9hqd6\\\\\\\">des outils pratiques s\\\\u2019adressant aux \\\\u00e9quipes travaillant en collectivit\\\\u00e9s locales.</li></ul>\\\", \\\"image_position\\\": \\\"right\\\", \\\"image\\\": 1}, \\\"id\\\": \\\"eac1baf9-f8d6-434f-baa4-a7c8edadbcde\\\"}, {\\\"type\\\": \\\"section_with_image\\\", \\\"value\\\": {\\\"title\\\": \\\"Pour les mairies, intercommunalit\\\\u00e9s, d\\\\u00e9partements ou r\\\\u00e9gions\\\", \\\"text\\\": \\\"<p data-block-key=\\\\\\\"9rcs8\\\\\\\">Trouvez les donn\\\\u00e9es vous concernant et situez-vous par rapport aux autres territoires.</p><p data-block-key=\\\\\\\"2fpv4\\\\\\\">Pour, par exemple :</p><ul><li data-block-key=\\\\\\\"8k9bo\\\\\\\">Vous aider dans la pr\\\\u00e9paration budg\\\\u00e9taire de votre commune.</li><li data-block-key=\\\\\\\"erqd0\\\\\\\">Vous pr\\\\u00e9senter des donn\\\\u00e9es de contexte socio-\\\\u00e9conomiques sur votre collectivit\\\\u00e9 et vous situer par rapport \\\\u00e0 des communes comparables.</li><li data-block-key=\\\\\\\"2gp0n\\\\\\\">Vous accompagner dans la r\\\\u00e9daction de rapports.</li><li data-block-key=\\\\\\\"6qs52\\\\\\\">Vous faire conna\\\\u00eetre des outils pratiques utiles dans l\\\\u2019exercice de vos fonctions (guide du maire, aides aux territoires\\\\u2026).</li></ul><p data-block-key=\\\\\\\"7oqup\\\\\\\">Le tout gratuitement, en s\\\\u2019appuyant sur des donn\\\\u00e9es fiables.</p>\\\", \\\"image_position\\\": \\\"left\\\", \\\"image\\\": 2}, \\\"id\\\": \\\"078c8d30-93b5-4ee2-b96c-ef8b872d43d8\\\"}, {\\\"type\\\": \\\"section_with_image\\\", \\\"value\\\": {\\\"title\\\": \\\"Pour les citoyens, journalistes ou chercheurs\\\", \\\"text\\\": \\\"<p data-block-key=\\\\\\\"9rcs8\\\\\\\">Trouvez facilement toutes les donn\\\\u00e9es locales sur diverses th\\\\u00e9matiques.</p><p data-block-key=\\\\\\\"7laas\\\\\\\">Pour, par exemple :</p><ul><li data-block-key=\\\\\\\"9ck0a\\\\\\\">Vous aider \\\\u00e0 consulter les informations relatives \\\\u00e0 votre collectivit\\\\u00e9 en toute transparence.</li><li data-block-key=\\\\\\\"b70d7\\\\\\\">Vous accompagner dans la r\\\\u00e9daction d\\\\u2019articles journalistiques ou \\\\u00e9tudes.</li></ul><p data-block-key=\\\\\\\"2fr0m\\\\\\\">Sur diff\\\\u00e9rentes th\\\\u00e9matiques : donn\\\\u00e9es socio-\\\\u00e9conomiques, culture, \\\\u00e9ducation, d\\\\u00e9veloppement durable, emploi, fonction publique territoriale, budget, sant\\\\u00e9, social, parit\\\\u00e9, s\\\\u00e9curit\\\\u00e9\\\\u2026</p>\\\", \\\"image_position\\\": \\\"right\\\", \\\"image\\\": 3}, \\\"id\\\": \\\"ab8897e7-02c5-4b56-ad76-ccf393b5e321\\\"}]\", \"comments\": []}", "approved_go_live_at": null}}, {"model": "wagtailcore.pagerevision", "pk": 16, "fields": {"page": 7, "submitted_for_moderation": false, "created_at": "2021-08-18T14:17:01.426Z", "user": 1, "content_json": "{\"pk\": 7, \"path\": \"000100030003\", \"depth\": 3, \"numchild\": 0, \"translation_key\": \"4c65dbb4-ce1f-405f-b596-84a2f36ab8ba\", \"locale\": 1, \"title\": \"Documentation\", \"draft_title\": \"Documentation\", \"slug\": \"documentation\", \"content_type\": 155, \"live\": false, \"has_unpublished_changes\": false, \"url_path\": \"/index/documentation/\", \"owner\": 1, \"seo_title\": \"\", \"show_in_menus\": false, \"search_description\": \"\", \"go_live_at\": null, \"expire_at\": null, \"expired\": false, \"locked\": false, \"locked_at\": null, \"locked_by\": null, \"first_published_at\": null, \"last_published_at\": null, \"latest_revision_created_at\": null, \"live_revision\": null, \"alias_of\": null, \"body\": \"[{\\\"type\\\": \\\"section\\\", \\\"value\\\": \\\"<p data-block-key=\\\\\\\"2hre7\\\\\\\">Bienvenue sur la documentation d\\\\u2019Open Collectivit\\\\u00e9s.</p>\\\", \\\"id\\\": \\\"030049ea-b594-4094-ade2-a767da0992e7\\\"}]\", \"comments\": []}", "approved_go_live_at": null}}, {"model": "wagtailcore.pagerevision", "pk": 17, "fields": {"page": 8, "submitted_for_moderation": false, "created_at": "2021-08-18T14:17:44.260Z", "user": 1, "content_json": "{\"pk\": 8, \"path\": \"0001000300030001\", \"depth\": 4, \"numchild\": 0, \"translation_key\": \"6fcc5edb-2fb9-44b6-8eb6-0749dccc830b\", \"locale\": 1, \"title\": \"Page de documentation num\\u00e9ro 1\", \"draft_title\": \"Page de documentation num\\u00e9ro 1\", \"slug\": \"page-de-documentation-num\\u00e9ro-1\", \"content_type\": 155, \"live\": true, \"has_unpublished_changes\": false, \"url_path\": \"/index/documentation/page-de-documentation-num\\u00e9ro-1/\", \"owner\": 1, \"seo_title\": \"\", \"show_in_menus\": false, \"search_description\": \"\", \"go_live_at\": null, \"expire_at\": null, \"expired\": false, \"locked\": false, \"locked_at\": null, \"locked_by\": null, \"first_published_at\": null, \"last_published_at\": null, \"latest_revision_created_at\": null, \"live_revision\": null, \"alias_of\": null, \"body\": \"[{\\\"type\\\": \\\"section\\\", \\\"value\\\": \\\"<p data-block-key=\\\\\\\"qlhz2\\\\\\\">Ceci est une page de documentation publique</p>\\\", \\\"id\\\": \\\"ef0abdc7-f8e7-41bb-8a7d-95230ad1e93e\\\"}]\", \"comments\": []}", "approved_go_live_at": null}}, {"model": "wagtailcore.pagerevision", "pk": 18, "fields": {"page": 9, "submitted_for_moderation": false, "created_at": "2021-08-18T14:19:02.006Z", "user": 1, "content_json": "{\"pk\": 9, \"path\": \"00010003000300010001\", \"depth\": 5, \"numchild\": 0, \"translation_key\": \"eafa362b-9f60-426a-9b7a-f86dd3b54801\", \"locale\": 1, \"title\": \"Page de documentation secr\\u00e8te !\", \"draft_title\": \"Page de documentation secr\\u00e8te !\", \"slug\": \"page-de-documentation-secr\\u00e8te\", \"content_type\": 155, \"live\": true, \"has_unpublished_changes\": false, \"url_path\": \"/index/documentation/page-de-documentation-num\\u00e9ro-1/page-de-documentation-secr\\u00e8te/\", \"owner\": 1, \"seo_title\": \"\", \"show_in_menus\": false, \"search_description\": \"\", \"go_live_at\": null, \"expire_at\": null, \"expired\": false, \"locked\": false, \"locked_at\": null, \"locked_by\": null, \"first_published_at\": null, \"last_published_at\": null, \"latest_revision_created_at\": null, \"live_revision\": null, \"alias_of\": null, \"body\": \"[{\\\"type\\\": \\\"section\\\", \\\"value\\\": \\\"<p data-block-key=\\\\\\\"dmznd\\\\\\\">Ce contenu n&#x27;est accessible qu&#x27;aux initi\\\\u00e9s \\\\ud83e\\\\udd2b</p>\\\", \\\"id\\\": \\\"0e5b7865-6cc8-4432-8ed7-53bcce55fcf7\\\"}]\", \"comments\": []}", "approved_go_live_at": null}}, {"model": "wagtailcore.pagerevision", "pk": 19, "fields": {"page": 7, "submitted_for_moderation": false, "created_at": "2021-08-18T14:21:02.919Z", "user": 1, "content_json": "{\"pk\": 7, \"path\": \"000100030003\", \"depth\": 3, \"numchild\": 2, \"translation_key\": \"4c65dbb4-ce1f-405f-b596-84a2f36ab8ba\", \"locale\": 1, \"title\": \"Documentation\", \"draft_title\": \"Documentation\", \"slug\": \"documentation\", \"content_type\": 155, \"live\": false, \"has_unpublished_changes\": true, \"url_path\": \"/index/documentation/\", \"owner\": 1, \"seo_title\": \"\", \"show_in_menus\": false, \"search_description\": \"\", \"go_live_at\": null, \"expire_at\": null, \"expired\": false, \"locked\": false, \"locked_at\": null, \"locked_by\": null, \"first_published_at\": null, \"last_published_at\": null, \"latest_revision_created_at\": \"2021-08-18T14:17:01.426Z\", \"live_revision\": null, \"alias_of\": null, \"body\": \"[{\\\"type\\\": \\\"section\\\", \\\"value\\\": \\\"<p data-block-key=\\\\\\\"2hre7\\\\\\\">Bienvenue sur la documentation d\\\\u2019Open Collectivit\\\\u00e9s.</p>\\\", \\\"id\\\": \\\"030049ea-b594-4094-ade2-a767da0992e7\\\"}]\", \"comments\": []}", "approved_go_live_at": null}}, {"model": "wagtailcore.pagerevision", "pk": 21, "fields": {"page": 8, "submitted_for_moderation": false, "created_at": "2021-08-18T14:27:18.224Z", "user": 1, "content_json": "{\"pk\": 8, \"path\": \"0001000300030001\", \"depth\": 4, \"numchild\": 1, \"translation_key\": \"6fcc5edb-2fb9-44b6-8eb6-0749dccc830b\", \"locale\": 1, \"title\": \"Page de documentation num\\u00e9ro 1\", \"draft_title\": \"Page de documentation num\\u00e9ro 1\", \"slug\": \"page-de-documentation-num\\u00e9ro-1\", \"content_type\": 155, \"live\": true, \"has_unpublished_changes\": false, \"url_path\": \"/index/documentation/page-de-documentation-num\\u00e9ro-1/\", \"owner\": 1, \"seo_title\": \"\", \"show_in_menus\": false, \"search_description\": \"\", \"go_live_at\": null, \"expire_at\": null, \"expired\": false, \"locked\": false, \"locked_at\": null, \"locked_by\": null, \"first_published_at\": \"2021-08-18T14:17:44.281Z\", \"last_published_at\": \"2021-08-18T14:17:44.281Z\", \"latest_revision_created_at\": \"2021-08-18T14:17:44.260Z\", \"live_revision\": 17, \"alias_of\": null, \"body\": \"[{\\\"type\\\": \\\"section\\\", \\\"value\\\": \\\"<p data-block-key=\\\\\\\"qlhz2\\\\\\\">Ceci est une page de documentation publique</p>\\\", \\\"id\\\": \\\"ef0abdc7-f8e7-41bb-8a7d-95230ad1e93e\\\"}]\", \"comments\": []}", "approved_go_live_at": null}}, {"model": "wagtailcore.pagerevision", "pk": 22, "fields": {"page": 9, "submitted_for_moderation": false, "created_at": "2021-08-18T14:28:47.198Z", "user": 1, "content_json": "{\"pk\": 9, \"path\": \"0001000300030002\", \"depth\": 4, \"numchild\": 0, \"translation_key\": \"eafa362b-9f60-426a-9b7a-f86dd3b54801\", \"locale\": 1, \"title\": \"Documentation interne\", \"draft_title\": \"Page de documentation secr\\u00e8te !\", \"slug\": \"page-de-documentation-secr\\u00e8te\", \"content_type\": 155, \"live\": true, \"has_unpublished_changes\": false, \"url_path\": \"/index/documentation/page-de-documentation-secr\\u00e8te/\", \"owner\": 1, \"seo_title\": \"\", \"show_in_menus\": false, \"search_description\": \"\", \"go_live_at\": null, \"expire_at\": null, \"expired\": false, \"locked\": false, \"locked_at\": null, \"locked_by\": null, \"first_published_at\": \"2021-08-18T14:19:02.030Z\", \"last_published_at\": \"2021-08-18T14:19:02.030Z\", \"latest_revision_created_at\": \"2021-08-18T14:19:02.006Z\", \"live_revision\": 18, \"alias_of\": null, \"body\": \"[{\\\"type\\\": \\\"section\\\", \\\"value\\\": \\\"<p data-block-key=\\\\\\\"dmznd\\\\\\\">Ce contenu n&#x27;est accessible qu&#x27;aux initi\\\\u00e9s \\\\ud83e\\\\udd2b</p>\\\", \\\"id\\\": \\\"0e5b7865-6cc8-4432-8ed7-53bcce55fcf7\\\"}]\", \"comments\": []}", "approved_go_live_at": null}}, {"model": "wagtailcore.pagerevision", "pk": 23, "fields": {"page": 11, "submitted_for_moderation": false, "created_at": "2021-08-18T14:30:59.268Z", "user": 1, "content_json": "{\"pk\": 11, \"path\": \"00010003000300020001\", \"depth\": 5, \"numchild\": 0, \"translation_key\": \"f581c7fb-8832-4b94-aa3c-ee9bb03cb7e0\", \"locale\": 1, \"title\": \"Ceci est une page de documentation interne\", \"draft_title\": \"Ceci est une page de documentation interne\", \"slug\": \"ceci-est-une-page-de-documentation-interne\", \"content_type\": 155, \"live\": false, \"has_unpublished_changes\": false, \"url_path\": \"/index/documentation/page-de-documentation-secr\\u00e8te/ceci-est-une-page-de-documentation-interne/\", \"owner\": 1, \"seo_title\": \"\", \"show_in_menus\": false, \"search_description\": \"\", \"go_live_at\": null, \"expire_at\": null, \"expired\": false, \"locked\": false, \"locked_at\": null, \"locked_by\": null, \"first_published_at\": null, \"last_published_at\": null, \"latest_revision_created_at\": null, \"live_revision\": null, \"alias_of\": null, \"body\": \"[{\\\"type\\\": \\\"section\\\", \\\"value\\\": \\\"<p data-block-key=\\\\\\\"9671l\\\\\\\">Elle n&#x27;est pas publi\\\\u00e9e sur le grand Ternet.</p>\\\", \\\"id\\\": \\\"6d37f7db-9ae7-4056-aead-088ca9cab7c8\\\"}]\", \"comments\": []}", "approved_go_live_at": null}}, {"model": "wagtailcore.pagerevision", "pk": 24, "fields": {"page": 11, "submitted_for_moderation": false, "created_at": "2021-08-18T14:31:02.509Z", "user": 1, "content_json": "{\"pk\": 11, \"path\": \"00010003000300020001\", \"depth\": 5, \"numchild\": 0, \"translation_key\": \"f581c7fb-8832-4b94-aa3c-ee9bb03cb7e0\", \"locale\": 1, \"title\": \"Ceci est une page de documentation interne\", \"draft_title\": \"Ceci est une page de documentation interne\", \"slug\": \"ceci-est-une-page-de-documentation-interne\", \"content_type\": 155, \"live\": false, \"has_unpublished_changes\": true, \"url_path\": \"/index/documentation/page-de-documentation-secr\\u00e8te/ceci-est-une-page-de-documentation-interne/\", \"owner\": 1, \"seo_title\": \"\", \"show_in_menus\": false, \"search_description\": \"\", \"go_live_at\": null, \"expire_at\": null, \"expired\": false, \"locked\": false, \"locked_at\": null, \"locked_by\": null, \"first_published_at\": null, \"last_published_at\": null, \"latest_revision_created_at\": \"2021-08-18T14:30:59.268Z\", \"live_revision\": null, \"alias_of\": null, \"body\": \"[{\\\"type\\\": \\\"section\\\", \\\"value\\\": \\\"<p data-block-key=\\\\\\\"9671l\\\\\\\">Elle n&#x27;est pas publi\\\\u00e9e sur le grand Ternet.</p>\\\", \\\"id\\\": \\\"6d37f7db-9ae7-4056-aead-088ca9cab7c8\\\"}]\", \"comments\": []}", "approved_go_live_at": null}}, {"model": "wagtailcore.pagerevision", "pk": 25, "fields": {"page": 9, "submitted_for_moderation": false, "created_at": "2021-08-18T14:33:03.896Z", "user": 1, "content_json": "{\"pk\": 9, \"path\": \"0001000300030002\", \"depth\": 4, \"numchild\": 1, \"translation_key\": \"eafa362b-9f60-426a-9b7a-f86dd3b54801\", \"locale\": 1, \"title\": \"Documentation interne\", \"draft_title\": \"Documentation interne\", \"slug\": \"documentation-interne\", \"content_type\": 155, \"live\": true, \"has_unpublished_changes\": false, \"url_path\": \"/index/documentation/page-de-documentation-secr\\u00e8te/\", \"owner\": 1, \"seo_title\": \"\", \"show_in_menus\": false, \"search_description\": \"\", \"go_live_at\": null, \"expire_at\": null, \"expired\": false, \"locked\": false, \"locked_at\": null, \"locked_by\": null, \"first_published_at\": \"2021-08-18T14:19:02.030Z\", \"last_published_at\": \"2021-08-18T14:28:47.223Z\", \"latest_revision_created_at\": \"2021-08-18T14:28:47.198Z\", \"live_revision\": 22, \"alias_of\": null, \"body\": \"[{\\\"type\\\": \\\"section\\\", \\\"value\\\": \\\"<p data-block-key=\\\\\\\"dmznd\\\\\\\">Ce contenu n&#x27;est accessible qu&#x27;aux initi\\\\u00e9s \\\\ud83e\\\\udd2b</p>\\\", \\\"id\\\": \\\"0e5b7865-6cc8-4432-8ed7-53bcce55fcf7\\\"}]\", \"comments\": []}", "approved_go_live_at": null}}, {"model": "wagtailcore.grouppagepermission", "pk": 1, "fields": {"group": 1, "page": 1, "permission_type": "add"}}, {"model": "wagtailcore.grouppagepermission", "pk": 2, "fields": {"group": 1, "page": 1, "permission_type": "edit"}}, {"model": "wagtailcore.grouppagepermission", "pk": 3, "fields": {"group": 1, "page": 1, "permission_type": "publish"}}, {"model": "wagtailcore.grouppagepermission", "pk": 4, "fields": {"group": 2, "page": 1, "permission_type": "add"}}, {"model": "wagtailcore.grouppagepermission", "pk": 5, "fields": {"group": 2, "page": 1, "permission_type": "edit"}}, {"model": "wagtailcore.grouppagepermission", "pk": 6, "fields": {"group": 1, "page": 1, "permission_type": "lock"}}, {"model": "wagtailcore.grouppagepermission", "pk": 7, "fields": {"group": 1, "page": 1, "permission_type": "unlock"}}, {"model": "wagtailcore.pageviewrestriction", "pk": 2, "fields": {"restriction_type": "login", "password": "", "page": 9, "groups": []}}, {"model": "wagtailcore.workflowpage", "pk": 1, "fields": {"workflow": 1}}, {"model": "wagtailcore.workflowtask", "pk": 1, "fields": {"sort_order": 0, "workflow": 1, "task": 1}}, {"model": "wagtailcore.task", "pk": 1, "fields": {"name": "Moderators approval", "content_type": 119, "active": true}}, {"model": "wagtailcore.workflow", "pk": 1, "fields": {"name": "Moderators approval", "active": true}}, {"model": "wagtailcore.groupapprovaltask", "pk": 1, "fields": {"groups": [1]}}, {"model": "wagtailcore.pagelogentry", "pk": 1, "fields": {"content_type": 117, "label": "Open Collectivités", "action": "wagtail.edit", "data_json": "\"\"", "timestamp": "2021-08-16T15:20:44.979Z", "user": 1, "content_changed": true, "deleted": false, "page": 2, "revision": 1}}, {"model": "wagtailcore.pagelogentry", "pk": 2, "fields": {"content_type": 117, "label": "Open Collectivités", "action": "wagtail.edit", "data_json": "\"\"", "timestamp": "2021-08-16T15:20:47.676Z", "user": 1, "content_changed": true, "deleted": false, "page": 2, "revision": 2}}, {"model": "wagtailcore.pagelogentry", "pk": 3, "fields": {"content_type": 117, "label": "Open Collectivités", "action": "wagtail.rename", "data_json": "{\"title\": {\"old\": \"Welcome to your new Wagtail site!\", \"new\": \"Open Collectivit\\u00e9s\"}}", "timestamp": "2021-08-16T15:20:47.713Z", "user": 1, "content_changed": false, "deleted": false, "page": 2, "revision": 2}}, {"model": "wagtailcore.pagelogentry", "pk": 4, "fields": {"content_type": 117, "label": "Open Collectivités", "action": "wagtail.publish", "data_json": "{\"title\": {\"old\": \"Welcome to your new Wagtail site!\", \"new\": \"Open Collectivit\\u00e9s\"}}", "timestamp": "2021-08-16T15:20:47.718Z", "user": 1, "content_changed": false, "deleted": false, "page": 2, "revision": 2}}, {"model": "wagtailcore.pagelogentry", "pk": 5, "fields": {"content_type": 152, "label": "Documentation", "action": "wagtail.create", "data_json": "\"\"", "timestamp": "2021-08-16T15:22:17.457Z", "user": 1, "content_changed": true, "deleted": false, "page": 3, "revision": null}}, {"model": "wagtailcore.pagelogentry", "pk": 6, "fields": {"content_type": 152, "label": "Documentation", "action": "wagtail.edit", "data_json": "\"\"", "timestamp": "2021-08-16T15:22:21.029Z", "user": 1, "content_changed": true, "deleted": false, "page": 3, "revision": 4}}, {"model": "wagtailcore.pagelogentry", "pk": 7, "fields": {"content_type": 152, "label": "Documentation", "action": "wagtail.publish", "data_json": "null", "timestamp": "2021-08-16T15:22:21.066Z", "user": 1, "content_changed": false, "deleted": false, "page": 3, "revision": 4}}, {"model": "wagtailcore.pagelogentry", "pk": 8, "fields": {"content_type": 117, "label": "Open Collectivités", "action": "wagtail.delete", "data_json": "\"\"", "timestamp": "2021-08-18T09:46:49.193Z", "user": 1, "content_changed": false, "deleted": true, "page": 2, "revision": null}}, {"model": "wagtailcore.pagelogentry", "pk": 9, "fields": {"content_type": 154, "label": "Index", "action": "wagtail.create", "data_json": "\"\"", "timestamp": "2021-08-18T09:54:25.668Z", "user": 1, "content_changed": true, "deleted": false, "page": 4, "revision": null}}, {"model": "wagtailcore.pagelogentry", "pk": 10, "fields": {"content_type": 154, "label": "Index", "action": "wagtail.edit", "data_json": "\"\"", "timestamp": "2021-08-18T09:55:54.231Z", "user": 1, "content_changed": true, "deleted": false, "page": 4, "revision": 6}}, {"model": "wagtailcore.pagelogentry", "pk": 11, "fields": {"content_type": 154, "label": "Index", "action": "wagtail.publish", "data_json": "null", "timestamp": "2021-08-18T09:55:54.269Z", "user": 1, "content_changed": true, "deleted": false, "page": 4, "revision": 6}}, {"model": "wagtailcore.pagelogentry", "pk": 12, "fields": {"content_type": 152, "label": "Documentation", "action": "wagtail.delete", "data_json": "\"\"", "timestamp": "2021-08-18T09:57:16.076Z", "user": 1, "content_changed": false, "deleted": true, "page": 3, "revision": null}}, {"model": "wagtailcore.pagelogentry", "pk": 13, "fields": {"content_type": 155, "label": "Déclaration d’accessibilité", "action": "wagtail.create", "data_json": "\"\"", "timestamp": "2021-08-18T12:30:20.687Z", "user": 1, "content_changed": true, "deleted": false, "page": 5, "revision": null}}, {"model": "wagtailcore.pagelogentry", "pk": 14, "fields": {"content_type": 155, "label": "Déclaration d’accessibilité", "action": "wagtail.publish", "data_json": "null", "timestamp": "2021-08-18T12:30:20.760Z", "user": 1, "content_changed": true, "deleted": false, "page": 5, "revision": 7}}, {"model": "wagtailcore.pagelogentry", "pk": 15, "fields": {"content_type": 155, "label": "Mentions légales", "action": "wagtail.create", "data_json": "\"\"", "timestamp": "2021-08-18T12:43:14.085Z", "user": 1, "content_changed": true, "deleted": false, "page": 6, "revision": null}}, {"model": "wagtailcore.pagelogentry", "pk": 16, "fields": {"content_type": 155, "label": "Mentions légales", "action": "wagtail.edit", "data_json": "\"\"", "timestamp": "2021-08-18T12:43:23.192Z", "user": 1, "content_changed": true, "deleted": false, "page": 6, "revision": 9}}, {"model": "wagtailcore.pagelogentry", "pk": 17, "fields": {"content_type": 155, "label": "Mentions légales", "action": "wagtail.publish", "data_json": "null", "timestamp": "2021-08-18T12:43:23.237Z", "user": 1, "content_changed": true, "deleted": false, "page": 6, "revision": 9}}, {"model": "wagtailcore.pagelogentry", "pk": 18, "fields": {"content_type": 155, "label": "Mentions légales", "action": "wagtail.edit", "data_json": "\"\"", "timestamp": "2021-08-18T13:04:40.788Z", "user": 1, "content_changed": true, "deleted": false, "page": 6, "revision": 10}}, {"model": "wagtailcore.pagelogentry", "pk": 19, "fields": {"content_type": 155, "label": "Mentions légales", "action": "wagtail.edit", "data_json": "\"\"", "timestamp": "2021-08-18T13:04:49.493Z", "user": 1, "content_changed": true, "deleted": false, "page": 6, "revision": 11}}, {"model": "wagtailcore.pagelogentry", "pk": 20, "fields": {"content_type": 155, "label": "Mentions légales", "action": "wagtail.publish", "data_json": "null", "timestamp": "2021-08-18T13:04:49.535Z", "user": 1, "content_changed": true, "deleted": false, "page": 6, "revision": 11}}, {"model": "wagtailcore.pagelogentry", "pk": 21, "fields": {"content_type": 155, "label": "Déclaration d’accessibilité", "action": "wagtail.edit", "data_json": "\"\"", "timestamp": "2021-08-18T13:27:55.270Z", "user": 1, "content_changed": true, "deleted": false, "page": 5, "revision": 12}}, {"model": "wagtailcore.pagelogentry", "pk": 22, "fields": {"content_type": 155, "label": "Déclaration d’accessibilité", "action": "wagtail.edit", "data_json": "\"\"", "timestamp": "2021-08-18T13:28:13.563Z", "user": 1, "content_changed": true, "deleted": false, "page": 5, "revision": 13}}, {"model": "wagtailcore.pagelogentry", "pk": 23, "fields": {"content_type": 155, "label": "Déclaration d’accessibilité", "action": "wagtail.edit", "data_json": "\"\"", "timestamp": "2021-08-18T13:28:17.240Z", "user": 1, "content_changed": true, "deleted": false, "page": 5, "revision": 14}}, {"model": "wagtailcore.pagelogentry", "pk": 24, "fields": {"content_type": 155, "label": "Déclaration d’accessibilité", "action": "wagtail.publish", "data_json": "null", "timestamp": "2021-08-18T13:28:17.289Z", "user": 1, "content_changed": false, "deleted": false, "page": 5, "revision": 14}}, {"model": "wagtailcore.pagelogentry", "pk": 25, "fields": {"content_type": 154, "label": "Accueil", "action": "wagtail.edit", "data_json": "\"\"", "timestamp": "2021-08-18T14:15:53.036Z", "user": 1, "content_changed": true, "deleted": false, "page": 4, "revision": 15}}, {"model": "wagtailcore.pagelogentry", "pk": 26, "fields": {"content_type": 154, "label": "Accueil", "action": "wagtail.rename", "data_json": "{\"title\": {\"old\": \"Index\", \"new\": \"Accueil\"}}", "timestamp": "2021-08-18T14:15:53.084Z", "user": 1, "content_changed": false, "deleted": false, "page": 4, "revision": 15}}, {"model": "wagtailcore.pagelogentry", "pk": 27, "fields": {"content_type": 154, "label": "Accueil", "action": "wagtail.publish", "data_json": "{\"title\": {\"old\": \"Index\", \"new\": \"Accueil\"}}", "timestamp": "2021-08-18T14:15:53.090Z", "user": 1, "content_changed": true, "deleted": false, "page": 4, "revision": 15}}, {"model": "wagtailcore.pagelogentry", "pk": 28, "fields": {"content_type": 155, "label": "Documentation", "action": "wagtail.create", "data_json": "\"\"", "timestamp": "2021-08-18T14:17:01.409Z", "user": 1, "content_changed": true, "deleted": false, "page": 7, "revision": null}}, {"model": "wagtailcore.pagelogentry", "pk": 29, "fields": {"content_type": 155, "label": "Page de documentation numéro 1", "action": "wagtail.create", "data_json": "\"\"", "timestamp": "2021-08-18T14:17:44.248Z", "user": 1, "content_changed": true, "deleted": false, "page": 8, "revision": null}}, {"model": "wagtailcore.pagelogentry", "pk": 30, "fields": {"content_type": 155, "label": "Page de documentation numéro 1", "action": "wagtail.publish", "data_json": "null", "timestamp": "2021-08-18T14:17:44.304Z", "user": 1, "content_changed": true, "deleted": false, "page": 8, "revision": 17}}, {"model": "wagtailcore.pagelogentry", "pk": 31, "fields": {"content_type": 155, "label": "Page de documentation secrète !", "action": "wagtail.create", "data_json": "\"\"", "timestamp": "2021-08-18T14:19:01.991Z", "user": 1, "content_changed": true, "deleted": false, "page": 9, "revision": null}}, {"model": "wagtailcore.pagelogentry", "pk": 32, "fields": {"content_type": 155, "label": "Page de documentation secrète !", "action": "wagtail.publish", "data_json": "null", "timestamp": "2021-08-18T14:19:02.056Z", "user": 1, "content_changed": true, "deleted": false, "page": 9, "revision": 18}}, {"model": "wagtailcore.pagelogentry", "pk": 33, "fields": {"content_type": 155, "label": "Page de documentation secrète !", "action": "wagtail.move", "data_json": "{\"source\": {\"id\": 8, \"title\": \"Page de documentation num\\u00e9ro 1\"}, \"destination\": {\"id\": 7, \"title\": \"Documentation\"}}", "timestamp": "2021-08-18T14:19:41.326Z", "user": 1, "content_changed": false, "deleted": false, "page": 9, "revision": null}}, {"model": "wagtailcore.pagelogentry", "pk": 34, "fields": {"content_type": 155, "label": "Documentation", "action": "wagtail.edit", "data_json": "\"\"", "timestamp": "2021-08-18T14:21:02.929Z", "user": 1, "content_changed": true, "deleted": false, "page": 7, "revision": 19}}, {"model": "wagtailcore.pagelogentry", "pk": 35, "fields": {"content_type": 155, "label": "Documentation", "action": "wagtail.publish", "data_json": "null", "timestamp": "2021-08-18T14:21:02.968Z", "user": 1, "content_changed": false, "deleted": false, "page": 7, "revision": 19}}, {"model": "wagtailcore.pagelogentry", "pk": 36, "fields": {"content_type": 155, "label": "Page de documentation numéro 1", "action": "wagtail.view_restriction.create", "data_json": "{\"restriction\": {\"type\": \"login\", \"title\": \"Priv\\u00e9e, accessible aux utilisateurs connect\\u00e9s\"}}", "timestamp": "2021-08-18T14:23:38.723Z", "user": 1, "content_changed": false, "deleted": false, "page": 8, "revision": null}}, {"model": "wagtailcore.pagelogentry", "pk": 37, "fields": {"content_type": 155, "label": "Et là ?", "action": "wagtail.create", "data_json": "\"\"", "timestamp": "2021-08-18T14:24:35.917Z", "user": 1, "content_changed": true, "deleted": false, "page": 10, "revision": null}}, {"model": "wagtailcore.pagelogentry", "pk": 38, "fields": {"content_type": 155, "label": "Et là ?", "action": "wagtail.publish", "data_json": "null", "timestamp": "2021-08-18T14:24:35.976Z", "user": 1, "content_changed": true, "deleted": false, "page": 10, "revision": 20}}, {"model": "wagtailcore.pagelogentry", "pk": 39, "fields": {"content_type": 155, "label": "Page de documentation numéro 1", "action": "wagtail.view_restriction.delete", "data_json": "{\"restriction\": {\"type\": \"none\", \"title\": \"Public\"}}", "timestamp": "2021-08-18T14:27:11.823Z", "user": 1, "content_changed": false, "deleted": false, "page": 8, "revision": null}}, {"model": "wagtailcore.pagelogentry", "pk": 40, "fields": {"content_type": 155, "label": "Page de documentation numéro 1", "action": "wagtail.edit", "data_json": "\"\"", "timestamp": "2021-08-18T14:27:18.234Z", "user": 1, "content_changed": true, "deleted": false, "page": 8, "revision": 21}}, {"model": "wagtailcore.pagelogentry", "pk": 41, "fields": {"content_type": 155, "label": "Page de documentation numéro 1", "action": "wagtail.publish", "data_json": "null", "timestamp": "2021-08-18T14:27:18.275Z", "user": 1, "content_changed": false, "deleted": false, "page": 8, "revision": 21}}, {"model": "wagtailcore.pagelogentry", "pk": 42, "fields": {"content_type": 155, "label": "Page de documentation secrète !", "action": "wagtail.view_restriction.create", "data_json": "{\"restriction\": {\"type\": \"login\", \"title\": \"Priv\\u00e9e, accessible aux utilisateurs connect\\u00e9s\"}}", "timestamp": "2021-08-18T14:28:39.846Z", "user": 1, "content_changed": false, "deleted": false, "page": 9, "revision": null}}, {"model": "wagtailcore.pagelogentry", "pk": 43, "fields": {"content_type": 155, "label": "Documentation interne", "action": "wagtail.edit", "data_json": "\"\"", "timestamp": "2021-08-18T14:28:47.208Z", "user": 1, "content_changed": true, "deleted": false, "page": 9, "revision": 22}}, {"model": "wagtailcore.pagelogentry", "pk": 44, "fields": {"content_type": 155, "label": "Documentation interne", "action": "wagtail.rename", "data_json": "{\"title\": {\"old\": \"Page de documentation secr\\u00e8te !\", \"new\": \"Documentation interne\"}}", "timestamp": "2021-08-18T14:28:47.247Z", "user": 1, "content_changed": false, "deleted": false, "page": 9, "revision": 22}}, {"model": "wagtailcore.pagelogentry", "pk": 45, "fields": {"content_type": 155, "label": "Documentation interne", "action": "wagtail.publish", "data_json": "{\"title\": {\"old\": \"Page de documentation secr\\u00e8te !\", \"new\": \"Documentation interne\"}}", "timestamp": "2021-08-18T14:28:47.252Z", "user": 1, "content_changed": true, "deleted": false, "page": 9, "revision": 22}}, {"model": "wagtailcore.pagelogentry", "pk": 46, "fields": {"content_type": 155, "label": "Et là ?", "action": "wagtail.delete", "data_json": "\"\"", "timestamp": "2021-08-18T14:28:59.332Z", "user": 1, "content_changed": false, "deleted": true, "page": 10, "revision": null}}, {"model": "wagtailcore.pagelogentry", "pk": 47, "fields": {"content_type": 155, "label": "Ceci est une page de documentation interne", "action": "wagtail.create", "data_json": "\"\"", "timestamp": "2021-08-18T14:30:59.254Z", "user": 1, "content_changed": true, "deleted": false, "page": 11, "revision": null}}, {"model": "wagtailcore.pagelogentry", "pk": 48, "fields": {"content_type": 155, "label": "Ceci est une page de documentation interne", "action": "wagtail.edit", "data_json": "\"\"", "timestamp": "2021-08-18T14:31:02.519Z", "user": 1, "content_changed": true, "deleted": false, "page": 11, "revision": 24}}, {"model": "wagtailcore.pagelogentry", "pk": 49, "fields": {"content_type": 155, "label": "Ceci est une page de documentation interne", "action": "wagtail.publish", "data_json": "null", "timestamp": "2021-08-18T14:31:02.555Z", "user": 1, "content_changed": false, "deleted": false, "page": 11, "revision": 24}}, {"model": "wagtailcore.pagelogentry", "pk": 50, "fields": {"content_type": 155, "label": "Documentation interne", "action": "wagtail.edit", "data_json": "\"\"", "timestamp": "2021-08-18T14:33:03.907Z", "user": 1, "content_changed": true, "deleted": false, "page": 9, "revision": 25}}, {"model": "wagtailcore.pagelogentry", "pk": 51, "fields": {"content_type": 155, "label": "Documentation interne", "action": "wagtail.publish", "data_json": "null", "timestamp": "2021-08-18T14:33:03.948Z", "user": 1, "content_changed": true, "deleted": false, "page": 9, "revision": 25}}, {"model": "wagtailcore.pagesubscription", "pk": 3, "fields": {"user": 1, "page": 4, "comment_notifications": true}}, {"model": "wagtailcore.pagesubscription", "pk": 4, "fields": {"user": 1, "page": 5, "comment_notifications": true}}, {"model": "wagtailcore.pagesubscription", "pk": 5, "fields": {"user": 1, "page": 6, "comment_notifications": true}}, {"model": "wagtailcore.pagesubscription", "pk": 6, "fields": {"user": 1, "page": 7, "comment_notifications": true}}, {"model": "wagtailcore.pagesubscription", "pk": 7, "fields": {"user": 1, "page": 8, "comment_notifications": true}}, {"model": "wagtailcore.pagesubscription", "pk": 8, "fields": {"user": 1, "page": 9, "comment_notifications": true}}, {"model": "wagtailcore.pagesubscription", "pk": 10, "fields": {"user": 1, "page": 11, "comment_notifications": true}}]